episode,length,time,reward,delta
0,500.0,0.03214103703703586,-1689.0,-0.6653581158940414
1,500.0,0.03352296296293389,-1689.0,-0.38430541332434154
2,269.0,0.015715555555516403,-466.0,99.99932985902782
3,500.0,0.029253925926013835,-1788.0,-0.4335964814073173
4,500.0,0.02942340740742111,-1491.0,-0.12878293007386765
5,500.0,0.03520987654314922,-1392.0,-0.196052230524153
6,500.0,0.039278222222037584,-1293.0,-0.2870062466700485
7,61.0,0.0036021728394644015,39.0,89.99939687312505
8,139.0,0.008020543209795505,-336.0,80.99945718581253
9,434.0,0.025665185185289374,-1126.0,72.89951146723129
10,500.0,0.029963456790255805,-1293.0,-0.2780397310649241
11,81.0,0.004779456790174663,-80.0,65.60956032050815
12,240.0,0.016740345678954327,-635.0,59.048604288457334
13,50.0,0.005408395061749616,-49.0,53.143743859611604
14,211.0,0.02344019753104476,-408.0,47.829369473650445
15,243.0,0.01988108641967301,-638.0,43.0464325262854
16,103.0,0.011398320987609623,-102.0,38.74178927365686
17,128.0,0.013802666666606456,-226.0,34.86761034629117
18,196.0,0.024235851851926782,-393.0,31.38084931166206
19,45.0,0.0066560000000208674,55.0,28.242764380495856
20,36.0,0.0025615802469474147,64.0,25.418487942446276
21,223.0,0.013080888888907793,-717.0,22.876639148201647
22,179.0,0.010394074074156379,-475.0,20.588975233381476
23,31.0,0.001881283950751822,69.0,18.53007771004333
24,63.0,0.0036638024691910687,37.0,16.677069939039
25,20.0,0.00122627160499178,80.0,15.009362945135095
26,167.0,0.01000217283967686,-463.0,13.508426650621587
27,29.0,0.0018129382715414977,71.0,12.157583985559427
28,16.0,0.0010326913579774555,84.0,10.941825587003478
29,27.0,0.0016229135801495431,73.0,9.847643028303125
30,112.0,0.006528395061650372,-210.0,8.862878725472811
31,29.0,0.0017872592593448644,71.0,7.976590852925526
32,76.0,0.004532148147973203,-75.0,7.1789317676329745
33,25.0,0.0015751111111512728,75.0,6.461038590869677
34,22.0,0.0014309135801795492,78.0,5.814934731782714
35,83.0,0.004844246913535244,-82.0,5.233441258604444
36,52.0,0.0031593086421253247,-51.0,4.710097132743996
37,16.0,0.0010224197530988022,84.0,4.239087419469598
38,47.0,0.0026164938271904248,53.0,3.8151786775226384
39,23.0,0.0013526913580790279,77.0,3.433660809770373
40,26.0,0.0015439012345268566,74.0,3.0902947287933387
41,56.0,0.003345382715906453,-55.0,2.7812652559140076
42,25.0,0.0014795061726999847,75.0,2.503138730322604
43,37.0,0.0022178765432272485,-36.0,2.2528248572903493
44,23.0,0.001427358024784553,77.0,2.02754237156131
45,25.0,0.00148029629622215,75.0,1.824788134405182
46,21.0,0.0014526419754474773,79.0,1.6423093209646566
47,26.0,0.0015178271605691407,74.0,1.4780783888681839
48,20.0,0.0011235555555231258,80.0,1.330270549981364
49,53.0,0.0031352098765182745,-52.0,1.1972434949832262
50,19.0,0.0010639012346018717,81.0,1.0775191454848994
51,30.0,0.0017003456789552729,70.0,0.9697672309364123
52,26.0,0.0014400000000023283,74.0,0.8727905078427654
53,51.0,0.0028029629629600095,-50.0,0.7855114570584902
54,32.0,0.0017256296296181972,-31.0,0.7069603113526455
55,26.0,0.0014684444442991662,74.0,0.6362642802173752
56,19.0,0.0010575802471066709,81.0,0.5726378521956406
57,19.0,0.0011681975308874826,-18.0,0.5153740669760793
58,19.0,0.0011634567899818649,81.0,0.46383666027847426
59,25.0,0.0018516543209443626,75.0,0.417452994250624
60,22.0,0.001742222222219425,78.0,0.37570769482556443
61,17.0,0.0009647407407555875,83.0,0.338136925343008
62,29.0,0.0018405925927709177,71.0,0.3043232328087129
63,18.0,0.001177283950482888,82.0,0.2738909095278359
64,18.0,0.0011049876543438586,82.0,0.24650181857505515
65,26.0,0.0014968888888233778,74.0,0.22185163671754538
66,18.0,0.0011002469134382409,82.0,0.1996664730457951
67,19.0,0.001252740740937952,81.0,0.1796998257412099
68,24.0,0.0013345185184334696,76.0,0.1617298431670946
69,15.0,0.0009461728395763203,85.0,0.14555685885038372
70,16.0,0.0012041481481901428,84.0,0.13100117296534108
71,14.0,0.0009682962961505837,86.0,0.11790105566880982
72,19.0,0.0012080987655735953,81.0,0.10611095010192173
73,25.0,0.001439209876480163,75.0,0.09549985509173098
74,23.0,0.0014340740740408364,77.0,0.08594986958256357
75,14.0,0.0009039012345510855,86.0,0.07735488262430579
76,19.0,0.001139358024829562,81.0,0.06961939436187947
77,16.0,0.0010078024690756138,84.0,0.06265745492568442
78,35.0,0.002132148148120905,-34.0,0.056391709433114556
79,27.0,0.0018694320988288382,73.0,0.0507525384898031
80,16.0,0.0009714567900118709,84.0,0.045677284640817106
81,17.0,0.0012997530864140572,83.0,0.041109556176735396
82,16.0,0.001029530864343542,84.0,0.036998600559059014
83,14.0,0.0009272098766359704,86.0,0.033298740503155955
84,16.0,0.0009532839505936863,84.0,0.029968866452847465
85,20.0,0.001135012345685027,80.0,0.026971979807555613
86,19.0,0.0011579259257814556,81.0,0.024274781826804315
87,14.0,0.0008956049382504716,86.0,0.021847303644122462
88,16.0,0.0009114074073295342,84.0,0.01966257327971732
89,20.0,0.0012124444444907567,-19.0,0.017696315951738484
90,34.0,0.0020653827161822846,-33.0,0.01592668435655753
91,32.0,0.0018682469135455904,-31.0,0.014334015920908882
92,19.0,0.0012037530864290602,81.0,0.012900614328813731
93,31.0,0.0023968395062183845,-30.0,0.011610552895930937
94,19.0,0.0011381728395463142,81.0,0.010449497606330738
95,19.0,0.0011638518517429475,81.0,0.00940454784570477
96,15.0,0.00102360493838205,85.0,0.008464093061135713
97,14.0,0.0008956049382504716,86.0,0.007617683755015037
98,16.0,0.0010872098766867566,84.0,0.006855915379517796
99,20.0,0.0013222716049767769,80.0,0.006170323841573122
100,17.0,0.0010101728396421095,83.0,0.005553291457417231
101,15.0,0.0010070123455534485,85.0,0.004997962311676929
102,14.0,0.0008533333332252369,86.0,0.004498166080509236
103,22.0,0.0014340740740408364,78.0,0.00404834947245547
104,22.0,0.0014269629630234704,78.0,0.003643514525208502
105,16.0,0.0009212839506744785,84.0,0.003279163072690494
106,15.0,0.0009564444444549736,85.0,0.0029512467654200236
107,15.0,0.0009054814813680423,85.0,0.0026561220888794423
108,16.0,0.0010860246914035088,84.0,0.002390509879987235
109,18.0,0.001148049382663885,82.0,0.0021514588919870903
110,16.0,0.000990814814940677,84.0,0.0019363130027869602
111,17.0,0.0011251358023400826,83.0,0.0017426817025096852
112,16.0,0.0009651358022892964,84.0,0.0015684135322544535
113,14.0,0.0008888888887668145,86.0,0.0014115721790233238
114,14.0,0.0008430617283465835,86.0,0.0012704149611266757
115,14.0,0.0008079012345660885,86.0,0.001143373465012587
116,20.0,0.001197037036945403,80.0,0.0010290361185099073
117,14.0,0.0009129876543738646,86.0,0.0009261325066631798
118,23.0,0.0015221728394863021,77.0,0.0008335192559911775
119,14.0,0.0009035061730173766,86.0,0.0007501673303949019
120,14.0,0.0008011851853098051,86.0,0.000675150597359675
121,16.0,0.0010026666666362871,84.0,0.0006076355376194442
122,14.0,0.0008963950615452632,86.0,0.0005468719838574998
123,15.0,0.0008608395060036855,85.0,0.0004921847854717498
124,15.0,0.0008616296297532244,85.0,0.0004429663069203116
125,14.0,0.0011425185186908493,86.0,0.0003986696762297015
126,17.0,0.0010492839505786833,83.0,0.0003588027086038892
127,17.0,0.0011429135802245582,83.0,0.00032292243774634244
128,16.0,0.0009702716049559967,84.0,0.0002906301939731293
129,20.0,0.0012472098767375428,80.0,0.00026156717457581635
130,18.0,0.0010619259260238323,82.0,0.00023541045712249797
131,14.0,0.0008896790122889797,86.0,0.00021186941141593252
132,14.0,0.0008794074074103264,86.0,0.00019068247027576035
133,18.0,0.0010883950617426308,82.0,0.00017161422324818432
134,14.0,0.0008817777777494484,86.0,0.00015445280092762914
135,16.0,0.0010579753086403798,84.0,0.00013900752082918189
136,17.0,0.0010382222221778648,83.0,0.00012510676874910587
137,16.0,0.0009580246912719304,84.0,0.00011259609188130071
138,14.0,0.0008892839507552708,86.0,0.00010133648270027606
139,14.0,0.0009916049382354686,86.0,9.12028344259852e-05
140,23.0,0.0014123456792276556,-22.0,8.208255098907102e-05
141,14.0,0.0008880987654720229,86.0,7.387429589300609e-05
142,16.0,0.00140641975303879,84.0,6.64868663022844e-05
143,14.0,0.001447506172780777,86.0,5.9838179666371616e-05
144,15.0,0.0015067654319409485,85.0,5.38543616954712e-05
145,14.0,0.0008932345679113496,86.0,4.8468925527345164e-05
146,14.0,0.0009821234568789805,86.0,4.362203297603173e-05
147,14.0,0.0009019259259730461,86.0,3.9259829677007474e-05
148,16.0,0.00122271604936941,84.0,3.533384671072781e-05
149,14.0,0.0009635555554723396,86.0,3.180046203965503e-05
150,16.0,0.001067061728463159,84.0,2.8620415832847357e-05
151,32.0,0.002087111111222839,-31.0,2.575837424956262e-05
152,14.0,0.001220345679030288,86.0,2.3182536821764188e-05
153,16.0,0.0011516049382862548,84.0,2.0864283143851026e-05
154,15.0,0.0010721975309024856,85.0,1.877785483372918e-05
155,27.0,0.001953185185129769,-26.0,1.6900069354619518e-05
156,14.0,0.0011077530864440632,86.0,1.521006241489431e-05
157,17.0,0.001213629629546631,-16.0,1.3689056174825964e-05
158,14.0,0.0009157530864740693,86.0,1.2320150560185539e-05
159,14.0,0.0008402962962463789,86.0,1.1088135508430241e-05
160,82.0,0.005613432098925841,-81.0,9.979321959008303e-06
161,14.0,0.0008892839507552708,86.0,8.981389768791814e-06
162,14.0,0.0008391111111905047,86.0,8.083250790491547e-06
163,14.0,0.0010153086420814361,86.0,7.274925707179136e-06
164,15.0,0.0009426172839539504,85.0,6.547433130776881e-06
165,28.0,0.0017283950617184018,-27.0,5.892689813435936e-06
166,21.0,0.0012341728395313112,-20.0,5.3034208349345136e-06
167,14.0,0.0009240493827746832,86.0,4.773078757125404e-06
168,15.0,0.0009280000001581357,-14.0,4.295770878570693e-06
169,16.0,0.0009935802470408817,84.0,3.866193793555794e-06
170,14.0,0.000872691358154043,86.0,3.479574417042386e-06
171,29.0,0.0018089876543854189,-28.0,3.1316169781803183e-06
172,16.0,0.0009520987653104385,84.0,2.8184552860466283e-06
173,14.0,0.0008371358023850917,86.0,2.53660975602088e-06
174,14.0,0.0008817777777494484,86.0,2.2829487846820484e-06
175,16.0,0.0010990617283823667,84.0,2.054653904792758e-06
176,14.0,0.0008880987654720229,86.0,1.849188507208055e-06
177,14.0,0.0008351604938070523,86.0,1.6642696607505059e-06
178,14.0,0.0008841481483159441,86.0,1.4978426889911134e-06
179,14.0,0.0008312098766509735,86.0,1.3480584186709166e-06
180,14.0,0.001018074073954267,86.0,1.213252573961654e-06
181,16.0,0.0011097283950221026,84.0,1.0919273165654886e-06
182,17.0,0.001065876543179911,83.0,9.827345905932816e-07
183,14.0,0.0009769876542122802,86.0,8.84461130112868e-07
184,14.0,0.0009062716051175812,86.0,7.960150156804957e-07
185,14.0,0.0008888888887668145,86.0,7.164135098491897e-07
186,14.0,0.0008351604938070523,86.0,6.447721574431853e-07
187,14.0,0.0008778271605933696,86.0,5.802949374356103e-07
188,14.0,0.0008331851852290129,86.0,5.222654380077074e-07
189,14.0,0.0008865185186550661,86.0,4.700388984701931e-07
190,14.0,0.0010334814814996207,86.0,4.2303500435991737e-07
191,14.0,0.0009074567901734554,86.0,3.8073150676609657e-07
192,14.0,0.000882172839510531,86.0,3.4265835324731597e-07
193,17.0,0.0010678518519853242,-16.0,3.0839251508041343e-07
194,14.0,0.0008809876544546569,86.0,2.77553269256714e-07
195,40.0,0.0022889876543104037,-39.0,2.497979352256152e-07
196,14.0,0.0009035061730173766,86.0,2.2481813743979728e-07
197,14.0,0.0008351604938070523,86.0,2.0233632369581755e-07
198,14.0,0.0009118024690906168,86.0,1.8210269558949221e-07
199,14.0,0.0008766419753101218,86.0,1.6389242318837205e-07
200,14.0,0.0009046913580732507,86.0,1.4750318655387673e-07
201,14.0,0.0010998518516771583,86.0,1.3275287358283094e-07
202,14.0,0.000827259259267521,86.0,1.1947759048780426e-07
203,14.0,0.0008406913580074615,86.0,1.075298285968529e-07
204,14.0,0.0008683456790095079,86.0,9.677684431608213e-08
205,14.0,0.0009339259258922539,86.0,8.709916698990128e-08
206,16.0,0.0009951604938578384,84.0,7.838924886982568e-08
207,18.0,0.001106962962921898,-17.0,7.055032824609953e-08
208,16.0,0.001067061728463159,84.0,6.349529257931863e-08
209,14.0,0.0008786172838881612,86.0,5.714576900572865e-08
210,16.0,0.0012673580245063931,84.0,5.14311864208139e-08
211,14.0,0.0008497777778302407,86.0,4.628806493656157e-08
212,14.0,0.0008888888889941882,86.0,4.1659262706161826e-08
213,14.0,0.000890469135811145,86.0,3.7493336435545643e-08
214,14.0,0.0009564444444549736,86.0,3.374400137090561e-08
215,15.0,0.0009441975307709072,-14.0,3.036960549707146e-08
216,15.0,0.001012938271742314,-14.0,2.7332646368449787e-08
217,16.0,0.0011077530864440632,84.0,2.4599387415946694e-08
218,14.0,0.0008936296296724322,86.0,2.213944583218108e-08
219,17.0,0.0010627160493186238,83.0,1.992550835439033e-08
220,16.0,0.0010619259260238323,84.0,1.7932961782207713e-08
221,14.0,0.000877432098832287,86.0,1.613966560398694e-08
222,14.0,0.0008987654321117589,86.0,1.4525696201417304e-08
223,14.0,0.0009264197528864315,86.0,1.3073119475848216e-08
224,70.0,0.004107456790052311,-69.0,1.1765806107177923e-08
225,14.0,0.000872691358154043,86.0,1.0589232601887488e-08
226,14.0,0.0008391111111905047,86.0,9.530310762784211e-09
227,14.0,0.0008967901233063458,86.0,8.577274002163904e-09
228,14.0,0.0008300246913677256,86.0,7.719549444118456e-09
229,14.0,0.0008323950619342213,86.0,6.947587394279253e-09
230,14.0,0.0008936296296724322,86.0,6.2528329181077424e-09
231,14.0,0.0008719012346318777,86.0,5.627555310638854e-09
232,28.0,0.00176553086430431,-27.0,5.064805463916855e-09
233,16.0,0.0010955061727599968,84.0,4.5583306018670555e-09
234,14.0,0.0011405432098854362,86.0,4.102503226022236e-09
235,14.0,0.0008916543210943928,86.0,3.6922500612490694e-09
236,14.0,0.0008833580247937789,86.0,3.323023634038691e-09
237,14.0,0.0008335802469900955,86.0,2.9907170073784073e-09
238,14.0,0.0009540740741158515,86.0,2.691649569896981e-09
239,14.0,0.0009592098765551782,86.0,2.42248177073634e-09
240,14.0,0.0011587160495309945,86.0,2.1802293304062914e-09
241,14.0,0.0008537283949863195,86.0,1.9622063973656623e-09
242,14.0,0.0008339753085238044,86.0,1.765982915458153e-09
243,16.0,0.0010271604937770462,84.0,1.5893846239123377e-09
244,14.0,0.0008766419753101218,86.0,1.4304504247775185e-09
245,14.0,0.0009347160491870454,86.0,1.2874039612142951e-09
246,17.0,0.0010433580246171914,83.0,1.1586678283492802e-09
247,14.0,0.0008438518518687488,86.0,1.0428067298562382e-09
248,16.0,0.0009927901235187164,84.0,9.38527477956086e-10
249,16.0,0.0009951604938578384,84.0,8.446789934168919e-10
250,14.0,0.0009386666665704979,86.0,7.602096729897312e-10
251,15.0,0.000943012345715033,-14.0,6.841816002634005e-10
252,14.0,0.0008916543208670191,86.0,6.15770545664418e-10
253,16.0,0.0009789629630176933,84.0,5.541949121834477e-10
254,14.0,0.0009307654322583403,86.0,4.987725787941599e-10
255,16.0,0.0010666666667020763,84.0,4.488924787438009e-10
256,14.0,0.0008857283951329009,86.0,4.0400038869847776e-10
257,14.0,0.0010101728394147358,86.0,3.6359892874315847e-10
258,18.0,0.0013929876542988495,-17.0,3.2723335152695654e-10
259,15.0,0.0010291358025824593,85.0,2.945057531178463e-10
260,14.0,0.0019417283951952413,86.0,2.6506086214794777e-10
261,14.0,0.002667456790277356,86.0,2.3855761810409604e-10
262,14.0,0.0017991111110404745,86.0,2.1469759303727187e-10
263,16.0,0.0009991111110139173,84.0,1.9322499156260164e-10
264,14.0,0.0008387160494294221,86.0,1.7389822914992692e-10
265,14.0,0.0008185679012058245,86.0,1.5650414297851967e-10
266,14.0,0.000925234568057931,86.0,1.4085799193708226e-10
267,16.0,0.0010291358023550856,84.0,1.2677503491431708e-10
268,14.0,0.0008829629630326963,86.0,1.1409895250835689e-10
269,16.0,0.0010255802469600894,84.0,1.0268763617204968e-10
270,14.0,0.0008000000000265572,86.0,9.241318821295863e-11
271,14.0,0.0008663703702040948,86.0,8.317613264807733e-11
272,14.0,0.00091022222227366,86.0,7.486278263968416e-11
273,14.0,0.000844641975390914,86.0,6.73736622047727e-11
274,14.0,0.0008853333333718183,86.0,6.063771706976695e-11
275,14.0,0.0009070617284123728,86.0,5.4569682106375694e-11
276,19.0,0.0011523950615810463,-18.0,4.9112713895738125e-11
277,14.0,0.0008323950619342213,86.0,4.419575816427823e-11
278,14.0,0.0008687407407705905,86.0,3.977618234785041e-11
279,14.0,0.0009366913579924585,86.0,3.579714302759385e-11
280,14.0,0.0009813333333568153,86.0,3.221600763936294e-11
281,14.0,0.0008402962962463789,86.0,2.8990143619012088e-11
282,14.0,0.0008861234568939835,86.0,2.609112925711088e-11
283,14.0,0.000845037036924623,86.0,2.347633198951371e-11
284,14.0,0.0008857283951329009,86.0,2.113154096150538e-11
285,14.0,0.0009121975308516994,86.0,1.901412360894028e-11
286,14.0,0.0008983703703506762,86.0,1.7109869077103212e-11
287,14.0,0.0008833580247937789,86.0,1.5404566511278972e-11
288,17.0,0.0011018271604825713,83.0,1.3869794202037156e-11
289,14.0,0.0008308148148898908,86.0,1.247713043994736e-11
290,14.0,0.0013112098765759583,86.0,1.1226575225009583e-11
291,14.0,0.0008786172838881612,86.0,1.0103917702508625e-11
292,14.0,0.0008154074073445372,86.0,9.094947017729282e-12
293,14.0,0.0009438024690098246,86.0,8.185452315956354e-12
294,14.0,0.000947753086393277,86.0,7.361222742474638e-12
295,14.0,0.0008580740739034809,86.0,6.622258297284134e-12
296,17.0,0.001137382716024149,83.0,5.9543481256696396e-12
297,14.0,0.0008217283950671117,86.0,5.357492227631155e-12
298,14.0,0.0008260740739842731,86.0,4.817479748453479e-12
299,14.0,0.0008572839506086893,86.0,4.334310688136611e-12
300,15.0,0.0009647407407555875,85.0,3.907985046680551e-12
301,14.0,0.0009718518517729535,86.0,3.510081114654895e-12
302,14.0,0.0008675555557147163,86.0,3.154809746774845e-12
303,14.0,0.0008667654321925511,86.0,2.8421709430404007e-12
304,16.0,0.0009457777778152376,84.0,2.5579538487363607e-12
305,14.0,0.0008675555554873426,86.0,2.3021584638627246e-12
306,14.0,0.0008659753086703859,86.0,2.0747847884194925e-12
307,14.0,0.0009019259259730461,86.0,1.8616219676914625e-12
308,14.0,0.0009390617285589542,86.0,1.6768808563938364e-12
309,16.0,0.0009714567900118709,84.0,1.5063505998114124e-12
310,25.0,0.0015822222221686388,-24.0,1.3500311979441904e-12
311,18.0,0.0011124938271223073,82.0,1.2079226507921703e-12
312,15.0,0.0009224691357303527,85.0,1.0942358130705543e-12
313,14.0,0.0008971851852948021,86.0,9.805489753489383e-13
314,14.0,0.0008655802469093032,86.0,8.810729923425242e-13
315,14.0,0.0009114074075569079,86.0,7.958078640513122e-13
316,14.0,0.000860049382708894,86.0,7.105427357601002e-13
317,14.0,0.0008588641976530198,86.0,6.394884621840902e-13
318,14.0,0.0009149629631792777,86.0,5.826450433232822e-13
319,14.0,0.0008442469136298314,86.0,5.258016244624741e-13
320,16.0,0.0009702716049559967,84.0,4.689582056016661e-13
321,14.0,0.0015648395062726195,86.0,4.263256414560601e-13
322,14.0,0.0008758518520153302,86.0,3.836930773104541e-13
323,14.0,0.0008616296297532244,86.0,3.410605131648481e-13
324,14.0,0.0008568888888476067,86.0,3.126388037344441e-13
325,14.0,0.0008557037035643589,86.0,2.8421709430404007e-13
326,14.0,0.0008604444444699766,86.0,2.5579538487363607e-13
327,16.0,0.0009611851851332176,84.0,2.2737367544323206e-13
328,14.0,0.0008501728395913233,86.0,1.9895196601282805e-13
329,14.0,0.0008521481481693627,86.0,1.8474111129762605e-13
330,14.0,0.0008639999998649728,86.0,1.7053025658242404e-13
331,16.0,0.000975802469156406,84.0,1.5631940186722204e-13
332,14.0,0.0009378765432757064,86.0,1.4210854715202004e-13
333,14.0,0.0008612345679921418,86.0,1.2789769243681803e-13
334,18.0,0.0010868148146983003,82.0,1.1368683772161603e-13
335,14.0,0.0008730864199151256,86.0,9.947598300641403e-14
336,14.0,0.0008853333333718183,86.0,8.526512829121202e-14
337,14.0,0.0008564938270865241,86.0,7.105427357601002e-14
338,14.0,0.0008592592594141024,86.0,7.105427357601002e-14
339,14.0,0.0008568888888476067,86.0,7.105427357601002e-14
340,14.0,0.0008663703702040948,86.0,7.105427357601002e-14
341,14.0,0.0008596543209478114,86.0,7.105427357601002e-14
342,14.0,0.0008588641974256461,86.0,7.105427357601002e-14
343,15.0,0.0009129876543738646,85.0,7.105427357601002e-14
344,14.0,0.0008612345679921418,86.0,7.105427357601002e-14
345,14.0,0.0008572839506086893,86.0,7.105427357601002e-14
346,14.0,0.0008505679013524059,86.0,7.105427357601002e-14
347,14.0,0.0008639999998649728,86.0,7.105427357601002e-14
348,14.0,0.0008541234567474021,86.0,7.105427357601002e-14
349,14.0,0.0008537283952136931,86.0,7.105427357601002e-14
350,14.0,0.0009204938271523133,86.0,7.105427357601002e-14
351,17.0,0.001031901234682664,-16.0,7.105427357601002e-14
352,15.0,0.0009789629630176933,-14.0,7.105427357601002e-14
353,14.0,0.0008632098765701812,86.0,7.105427357601002e-14
354,15.0,0.0009118024690906168,85.0,7.105427357601002e-14
355,16.0,0.0009777777777344454,84.0,7.105427357601002e-14
356,14.0,0.0008651851851482206,86.0,7.105427357601002e-14
357,14.0,0.000872691358154043,86.0,7.105427357601002e-14
358,17.0,0.0010315061729215813,-16.0,7.105427357601002e-14
359,14.0,0.0008636049383312638,86.0,7.105427357601002e-14
360,15.0,0.0009090370369904122,-14.0,7.105427357601002e-14
361,14.0,0.0008655802469093032,86.0,7.105427357601002e-14
362,14.0,0.0008545185185084847,86.0,7.105427357601002e-14
363,14.0,0.0008481975310132839,86.0,7.105427357601002e-14
364,14.0,0.0008513580246471975,86.0,7.105427357601002e-14
365,14.0,0.0008521481481693627,86.0,7.105427357601002e-14
366,14.0,0.0008541234567474021,86.0,7.105427357601002e-14
367,28.0,0.0016671604937528173,-27.0,7.105427357601002e-14
368,14.0,0.0009773827162007365,86.0,7.105427357601002e-14
369,14.0,0.000914962962951904,86.0,7.105427357601002e-14
370,14.0,0.000975802469156406,86.0,7.105427357601002e-14
371,15.0,0.0009042962963121681,85.0,7.105427357601002e-14
372,14.0,0.001021629629576637,86.0,7.105427357601002e-14
373,14.0,0.0008979753085895936,86.0,7.105427357601002e-14
374,14.0,0.0011148641974614293,86.0,7.105427357601002e-14
375,30.0,0.002575407407448438,-29.0,7.105427357601002e-14
376,14.0,0.0010654814814188285,86.0,7.105427357601002e-14
377,14.0,0.001243654321115173,86.0,7.105427357601002e-14
378,16.0,0.001283160494040203,84.0,7.105427357601002e-14
379,14.0,0.0010800987654420169,86.0,7.105427357601002e-14
380,16.0,0.0012187654322133312,84.0,7.105427357601002e-14
381,27.0,0.001960296296147135,-26.0,7.105427357601002e-14
382,14.0,0.0011136790124055551,86.0,7.105427357601002e-14
383,14.0,0.001872987654451208,86.0,7.105427357601002e-14
384,14.0,0.0018800987654685741,86.0,7.105427357601002e-14
385,14.0,0.001560493827355458,86.0,7.105427357601002e-14
386,14.0,0.001669925925853022,86.0,7.105427357601002e-14
387,15.0,0.001084839506120261,-14.0,7.105427357601002e-14
388,18.0,0.003218962963046579,-17.0,7.105427357601002e-14
389,14.0,0.0011429135802245582,86.0,7.105427357601002e-14
390,14.0,0.0011196049381396733,86.0,7.105427357601002e-14
391,14.0,0.001326617284121312,86.0,7.105427357601002e-14
392,15.0,0.0015711604937678203,85.0,7.105427357601002e-14
393,14.0,0.0011164444445057597,86.0,7.105427357601002e-14
394,14.0,0.0013582222220520634,86.0,7.105427357601002e-14
395,14.0,0.001202962962906895,86.0,7.105427357601002e-14
396,18.0,0.0013744197531195823,82.0,7.105427357601002e-14
397,14.0,0.0011488395061860501,86.0,7.105427357601002e-14
398,14.0,0.0012432592593540903,86.0,7.105427357601002e-14
399,16.0,0.00140641975303879,84.0,7.105427357601002e-14
400,14.0,0.0011926913580282417,86.0,7.105427357601002e-14
401,14.0,0.0010220246913377196,86.0,7.105427357601002e-14
402,14.0,0.001064691358124037,86.0,7.105427357601002e-14
403,14.0,0.0011839999999665451,86.0,7.105427357601002e-14
404,14.0,0.001091555555603918,86.0,7.105427357601002e-14
405,14.0,0.001250765432132539,86.0,7.105427357601002e-14
406,14.0,0.001052049382678888,86.0,7.105427357601002e-14
407,14.0,0.0008845432100770267,86.0,7.105427357601002e-14
408,14.0,0.0009039012345510855,86.0,7.105427357601002e-14
409,14.0,0.0009339259258922539,86.0,7.105427357601002e-14
410,16.0,0.0009825185186400631,84.0,7.105427357601002e-14
411,14.0,0.0008616296297532244,86.0,7.105427357601002e-14
412,14.0,0.0008734814814488345,86.0,7.105427357601002e-14
413,14.0,0.0008722962961655867,86.0,7.105427357601002e-14
414,14.0,0.0008695308642927557,86.0,7.105427357601002e-14
415,14.0,0.0008659753086703859,86.0,7.105427357601002e-14
416,14.0,0.0008837530863274878,86.0,7.105427357601002e-14
417,14.0,0.0008679506172484253,86.0,7.105427357601002e-14
418,14.0,0.0009671111110947095,86.0,7.105427357601002e-14
419,14.0,0.0008687407407705905,86.0,7.105427357601002e-14
420,14.0,0.000869530864065382,86.0,7.105427357601002e-14
421,14.0,0.0008683456790095079,86.0,7.105427357601002e-14
422,16.0,0.0009872592590909335,84.0,7.105427357601002e-14
423,14.0,0.0008770370370712044,86.0,7.105427357601002e-14
424,16.0,0.0009868641973298509,84.0,7.105427357601002e-14
425,14.0,0.0008758518517879565,86.0,7.105427357601002e-14
426,14.0,0.0008667654321925511,86.0,7.105427357601002e-14
427,14.0,0.0009276049381696794,86.0,7.105427357601002e-14
428,14.0,0.0008655802469093032,86.0,7.105427357601002e-14
429,14.0,0.0008683456790095079,86.0,7.105427357601002e-14
430,14.0,0.0008683456790095079,86.0,7.105427357601002e-14
431,14.0,0.0008707160493486299,86.0,7.105427357601002e-14
432,16.0,0.0009809382715957327,84.0,7.105427357601002e-14
433,14.0,0.0008572839506086893,86.0,7.105427357601002e-14
434,16.0,0.0009730370370562014,84.0,7.105427357601002e-14
435,14.0,0.0008655802471366769,86.0,7.105427357601002e-14
436,18.0,0.0010919506173650007,82.0,7.105427357601002e-14
437,14.0,0.0008667654319651774,86.0,7.105427357601002e-14
438,14.0,0.0008663703704314685,86.0,7.105427357601002e-14
439,14.0,0.0008596543209478114,86.0,7.105427357601002e-14
440,14.0,0.0008572839506086893,86.0,7.105427357601002e-14
441,14.0,0.0008628148150364723,86.0,7.105427357601002e-14
442,14.0,0.0008715061726434215,86.0,7.105427357601002e-14
443,14.0,0.0008636049381038902,86.0,7.105427357601002e-14
444,14.0,0.0008628148148090986,86.0,7.105427357601002e-14
445,15.0,0.0009169382717573171,85.0,7.105427357601002e-14
446,17.0,0.0010322962962163729,83.0,7.105427357601002e-14
447,14.0,0.000870320987814921,86.0,7.105427357601002e-14
448,14.0,0.0008628148148090986,86.0,7.105427357601002e-14
449,14.0,0.0008639999998649728,86.0,7.105427357601002e-14
450,14.0,0.0008643950618534291,86.0,7.105427357601002e-14
451,15.0,0.0009189135803353565,85.0,7.105427357601002e-14
452,14.0,0.0008612345679921418,86.0,7.105427357601002e-14
453,16.0,0.001033086419738538,84.0,7.105427357601002e-14
454,16.0,0.0009754074073953234,84.0,7.105427357601002e-14
455,14.0,0.0008880987654720229,86.0,7.105427357601002e-14
456,14.0,0.0008711111111097125,86.0,7.105427357601002e-14
457,14.0,0.0008782222223544522,86.0,7.105427357601002e-14
458,16.0,0.0009773827162007365,84.0,7.105427357601002e-14
459,14.0,0.0009106172840347426,86.0,7.105427357601002e-14
460,14.0,0.0008782222221270786,86.0,7.105427357601002e-14
461,14.0,0.001056395061823423,86.0,7.105427357601002e-14
462,14.0,0.0008873086419498577,86.0,7.105427357601002e-14
463,14.0,0.000877432098832287,86.0,7.105427357601002e-14
464,14.0,0.0008711111111097125,86.0,7.105427357601002e-14
465,14.0,0.0008675555554873426,86.0,7.105427357601002e-14
466,14.0,0.0008746666667320824,86.0,7.105427357601002e-14
467,16.0,0.0009844938272181025,84.0,7.105427357601002e-14
468,14.0,0.0008604444444699766,86.0,7.105427357601002e-14
469,14.0,0.0008691358025316731,86.0,7.105427357601002e-14
470,14.0,0.0008588641976530198,86.0,7.105427357601002e-14
471,17.0,0.0010259753084937984,83.0,7.105427357601002e-14
472,14.0,0.000860049382708894,86.0,7.105427357601002e-14
473,14.0,0.0008640000000923465,86.0,7.105427357601002e-14
474,14.0,0.0009062716048902075,86.0,7.105427357601002e-14
475,14.0,0.0008596543209478114,86.0,7.105427357601002e-14
476,14.0,0.0009702716049559967,86.0,7.105427357601002e-14
477,14.0,0.0008592592594141024,86.0,7.105427357601002e-14
478,14.0,0.0008608395060036855,86.0,7.105427357601002e-14
479,14.0,0.000860049382708894,86.0,7.105427357601002e-14
480,14.0,0.000869530864065382,86.0,7.105427357601002e-14
481,14.0,0.0008920493826281017,86.0,7.105427357601002e-14
482,14.0,0.0008699259258264647,86.0,7.105427357601002e-14
483,14.0,0.0008651851851482206,86.0,7.105427357601002e-14
484,14.0,0.0008624197532753897,86.0,7.105427357601002e-14
485,15.0,0.0009623703704164654,85.0,7.105427357601002e-14
486,14.0,0.0008987654321117589,86.0,7.105427357601002e-14
487,14.0,0.0008055308642269665,86.0,7.105427357601002e-14
488,14.0,0.0009074567901734554,86.0,7.105427357601002e-14
489,14.0,0.0009801481480735674,86.0,7.105427357601002e-14
490,14.0,0.000803950617182636,86.0,7.105427357601002e-14
491,14.0,0.0009058765431291249,86.0,7.105427357601002e-14
492,14.0,0.0008963950617726368,86.0,7.105427357601002e-14
493,14.0,0.0008588641976530198,86.0,7.105427357601002e-14
494,14.0,0.0008434567901076662,86.0,7.105427357601002e-14
495,14.0,0.0009382716048094153,86.0,7.105427357601002e-14
496,14.0,0.0008711111111097125,86.0,7.105427357601002e-14
497,14.0,0.0009023209877341287,86.0,7.105427357601002e-14
498,14.0,0.0008067160492828407,86.0,7.105427357601002e-14
499,14.0,0.0008675555554873426,86.0,7.105427357601002e-14
500,14.0,0.0008466172839689534,86.0,7.105427357601002e-14
501,14.0,0.0008687407407705905,86.0,7.105427357601002e-14
502,14.0,0.000892839506150267,86.0,7.105427357601002e-14
503,14.0,0.0008916543210943928,86.0,7.105427357601002e-14
504,14.0,0.0008837530863274878,86.0,7.105427357601002e-14
505,14.0,0.0008920493828554754,86.0,7.105427357601002e-14
506,14.0,0.0008849382716107357,86.0,7.105427357601002e-14
507,14.0,0.0008991604936454678,86.0,7.105427357601002e-14
508,14.0,0.0008110617284273758,86.0,7.105427357601002e-14
509,14.0,0.0008679506172484253,86.0,7.105427357601002e-14
510,14.0,0.0009694814814338315,86.0,7.105427357601002e-14
511,14.0,0.0008426666668128746,86.0,7.105427357601002e-14
512,16.0,0.0010121481482201489,84.0,7.105427357601002e-14
513,16.0,0.0009643456789945049,84.0,7.105427357601002e-14
514,14.0,0.0008067160492828407,86.0,7.105427357601002e-14
515,14.0,0.0008841481480885705,86.0,7.105427357601002e-14
516,14.0,0.0011792592592883011,86.0,7.105427357601002e-14
517,14.0,0.0008458271604467882,86.0,7.105427357601002e-14
518,14.0,0.0008754567902542476,86.0,7.105427357601002e-14
519,14.0,0.0009702716049559967,86.0,7.105427357601002e-14
520,14.0,0.0009457777778152376,86.0,7.105427357601002e-14
521,14.0,0.0008722962961655867,86.0,7.105427357601002e-14
522,14.0,0.000803950617182636,86.0,7.105427357601002e-14
523,14.0,0.0008059259259880491,86.0,7.105427357601002e-14
524,14.0,0.0008916543210943928,86.0,7.105427357601002e-14
525,14.0,0.0008833580245664052,86.0,7.105427357601002e-14
526,14.0,0.0008809876542272832,86.0,7.105427357601002e-14
527,14.0,0.0008114567901884584,86.0,7.105427357601002e-14
528,14.0,0.0008857283951329009,86.0,7.105427357601002e-14
529,20.0,0.0011610864198701165,-19.0,7.105427357601002e-14
530,14.0,0.0008987654321117589,86.0,7.105427357601002e-14
531,14.0,0.0008845432098496531,86.0,7.105427357601002e-14
532,16.0,0.0009485432099154423,84.0,7.105427357601002e-14
533,14.0,0.0008098765431441279,86.0,7.105427357601002e-14
534,16.0,0.0010046419754417002,84.0,7.105427357601002e-14
535,14.0,0.00092562962959164,86.0,7.105427357601002e-14
536,14.0,0.0008501728393639496,86.0,7.105427357601002e-14
537,14.0,0.0010034567899310787,86.0,7.105427357601002e-14
538,14.0,0.0008501728395913233,86.0,7.105427357601002e-14
539,14.0,0.0008505679013524059,86.0,7.105427357601002e-14
540,16.0,0.0009686913579116663,84.0,7.105427357601002e-14
541,14.0,0.0009438024690098246,86.0,7.105427357601002e-14
542,16.0,0.0009355061729365843,84.0,7.105427357601002e-14
543,14.0,0.0008572839506086893,86.0,7.105427357601002e-14
544,14.0,0.0009552592591717257,86.0,7.105427357601002e-14
545,14.0,0.0009659259260388353,86.0,7.105427357601002e-14
546,14.0,0.0008063209875217581,86.0,7.105427357601002e-14
547,14.0,0.0008446419751635403,86.0,7.105427357601002e-14
548,42.0,0.0024233086421645567,-41.0,7.105427357601002e-14
549,14.0,0.0008549135802695673,86.0,7.105427357601002e-14
550,14.0,0.0008564938270865241,86.0,7.105427357601002e-14
551,14.0,0.0008944197531945974,86.0,7.105427357601002e-14
552,14.0,0.0009339259258922539,86.0,7.105427357601002e-14
553,14.0,0.0009042962963121681,86.0,7.105427357601002e-14
554,14.0,0.0008059259259880491,86.0,7.105427357601002e-14
555,14.0,0.0008782222223544522,86.0,7.105427357601002e-14
556,14.0,0.0008399012344852963,86.0,7.105427357601002e-14
557,14.0,0.0009643456789945049,86.0,7.105427357601002e-14
558,16.0,0.0010303209878657071,84.0,7.105427357601002e-14
559,14.0,0.0008651851851482206,86.0,7.105427357601002e-14
560,14.0,0.0008742716049709998,86.0,7.105427357601002e-14
561,14.0,0.0009647407407555875,86.0,7.105427357601002e-14
562,14.0,0.0009374814815146237,86.0,7.105427357601002e-14
563,14.0,0.0008888888887668145,86.0,7.105427357601002e-14
564,14.0,0.0008454320986857056,86.0,7.105427357601002e-14
565,16.0,0.0009153580247129867,84.0,7.105427357601002e-14
566,14.0,0.0008454320986857056,86.0,7.105427357601002e-14
567,14.0,0.0008505679013524059,86.0,7.105427357601002e-14
568,14.0,0.0011685925926485652,86.0,7.105427357601002e-14
569,14.0,0.0008956049382504716,86.0,7.105427357601002e-14
570,14.0,0.0009611851851332176,86.0,7.105427357601002e-14
571,14.0,0.0008960000000115542,86.0,7.105427357601002e-14
572,14.0,0.000905481481595416,86.0,7.105427357601002e-14
573,38.0,0.0021491358024832152,-37.0,7.105427357601002e-14
574,14.0,0.0008086913578608801,86.0,7.105427357601002e-14
575,16.0,0.0009485432099154423,84.0,7.105427357601002e-14
576,14.0,0.0009050864198343334,86.0,7.105427357601002e-14
577,14.0,0.0009386666667978716,86.0,7.105427357601002e-14
578,14.0,0.0009489382714491512,86.0,7.105427357601002e-14
579,14.0,0.0007988148147433094,86.0,7.105427357601002e-14
580,14.0,0.0008237037036451511,86.0,7.105427357601002e-14
581,14.0,0.0008161975308667024,86.0,7.105427357601002e-14
582,17.0,0.001056395061823423,83.0,7.105427357601002e-14
583,14.0,0.0008063209875217581,86.0,7.105427357601002e-14
584,14.0,0.0008086913580882538,86.0,7.105427357601002e-14
585,14.0,0.000905481481595416,86.0,7.105427357601002e-14
586,14.0,0.001004246913453244,86.0,7.105427357601002e-14
587,14.0,0.0008592592591867287,86.0,7.105427357601002e-14
588,14.0,0.0008165925924004114,86.0,7.105427357601002e-14
589,14.0,0.0009248395060694747,86.0,7.105427357601002e-14
590,14.0,0.0008766419753101218,86.0,7.105427357601002e-14
591,14.0,0.0008521481481693627,86.0,7.105427357601002e-14
592,14.0,0.0008023703703656793,86.0,7.105427357601002e-14
593,14.0,0.0008027654321267619,86.0,7.105427357601002e-14
594,14.0,0.0008000000000265572,86.0,7.105427357601002e-14
595,14.0,0.0008952098767167627,86.0,7.105427357601002e-14
596,14.0,0.0009769876544396539,86.0,7.105427357601002e-14
597,15.0,0.0009193086418690655,85.0,7.105427357601002e-14
598,14.0,0.0008193580247279897,86.0,7.105427357601002e-14
599,14.0,0.0008011851850824314,86.0,7.105427357601002e-14
600,14.0,0.0008944197529672238,86.0,7.105427357601002e-14
601,14.0,0.0008402962962463789,86.0,7.105427357601002e-14
602,14.0,0.0008375308641461743,86.0,7.105427357601002e-14
603,14.0,0.0008509629628861148,86.0,7.105427357601002e-14
604,14.0,0.0008521481481693627,86.0,7.105427357601002e-14
605,14.0,0.0009999012345360825,86.0,7.105427357601002e-14
606,14.0,0.0008991604938728415,86.0,7.105427357601002e-14
607,14.0,0.0008632098765701812,86.0,7.105427357601002e-14
608,14.0,0.0008130370370054152,86.0,7.105427357601002e-14
609,14.0,0.0009015308642119635,86.0,7.105427357601002e-14
610,14.0,0.0009556543209328083,86.0,7.105427357601002e-14
611,14.0,0.0008051358024658839,86.0,7.105427357601002e-14
612,14.0,0.0008458271604467882,86.0,7.105427357601002e-14
613,14.0,0.0009524938272988948,86.0,7.105427357601002e-14
614,14.0,0.000930370370269884,86.0,7.105427357601002e-14
615,14.0,0.000803950617182636,86.0,7.105427357601002e-14
616,16.0,0.0009856790122739767,84.0,7.105427357601002e-14
617,14.0,0.0008501728395913233,86.0,7.105427357601002e-14
618,14.0,0.0008118518517221673,86.0,7.105427357601002e-14
619,14.0,0.0009825185184126894,86.0,7.105427357601002e-14
620,14.0,0.0009058765431291249,86.0,7.105427357601002e-14
621,14.0,0.0008406913580074615,86.0,7.105427357601002e-14
622,14.0,0.0008387160492020485,86.0,7.105427357601002e-14
623,14.0,0.0009157530864740693,86.0,7.105427357601002e-14
624,14.0,0.0009441975307709072,86.0,7.105427357601002e-14
625,14.0,0.000877432098832287,86.0,7.105427357601002e-14
626,14.0,0.0008699259260538383,86.0,7.105427357601002e-14
627,16.0,0.0009959506173800037,84.0,7.105427357601002e-14
628,14.0,0.0009505185184934817,86.0,7.105427357601002e-14
629,28.0,0.0016715061728973524,-27.0,7.105427357601002e-14
630,18.0,0.0011966419751843205,82.0,7.105427357601002e-14
631,14.0,0.0009161481480077782,86.0,7.105427357601002e-14
632,16.0,0.0009825185186400631,84.0,7.105427357601002e-14
633,14.0,0.000892839506150267,86.0,7.105427357601002e-14
634,14.0,0.0008430617283465835,86.0,7.105427357601002e-14
635,14.0,0.0009007407406897983,86.0,7.105427357601002e-14
636,14.0,0.001056395061823423,86.0,7.105427357601002e-14
637,14.0,0.0009319506173142145,86.0,7.105427357601002e-14
638,14.0,0.0008877037037109403,86.0,7.105427357601002e-14
639,14.0,0.00089481481495568,86.0,7.105427357601002e-14
640,14.0,0.000844641975390914,86.0,7.105427357601002e-14
641,14.0,0.0009074567901734554,86.0,7.105427357601002e-14
642,14.0,0.0008304197531288082,86.0,7.105427357601002e-14
643,14.0,0.0008722962963929604,86.0,7.105427357601002e-14
644,14.0,0.0008086913578608801,86.0,7.105427357601002e-14
645,16.0,0.0009837037036959373,84.0,7.105427357601002e-14
646,14.0,0.0008485925925469928,86.0,7.105427357601002e-14
647,14.0,0.0008865185184276925,86.0,7.105427357601002e-14
648,26.0,0.0016817777777760057,-25.0,7.105427357601002e-14
649,16.0,0.0009983209877191257,84.0,7.105427357601002e-14
650,14.0,0.0008035555554215534,86.0,7.105427357601002e-14
651,14.0,0.0008106666666662932,86.0,7.105427357601002e-14
652,14.0,0.0010781234568639775,86.0,7.105427357601002e-14
653,14.0,0.0010789135803861427,86.0,7.105427357601002e-14
654,14.0,0.0013183209875933244,86.0,7.105427357601002e-14
655,16.0,0.0014095802469000773,84.0,7.105427357601002e-14
656,14.0,0.0010362469135998253,86.0,7.105427357601002e-14
657,16.0,0.000996740740902169,84.0,7.105427357601002e-14
658,14.0,0.0008177777779110329,86.0,7.105427357601002e-14
659,14.0,0.0008509629631134885,86.0,7.105427357601002e-14
660,14.0,0.0008987654321117589,86.0,7.105427357601002e-14
661,14.0,0.0010208395062818454,86.0,7.105427357601002e-14
662,18.0,0.0011061728396271064,-17.0,7.105427357601002e-14
663,14.0,0.0008458271604467882,86.0,7.105427357601002e-14
664,14.0,0.0009410370371369936,86.0,7.105427357601002e-14
665,14.0,0.000842271605051792,86.0,7.105427357601002e-14
666,14.0,0.0009086419754567032,86.0,7.105427357601002e-14
667,14.0,0.0008892839505278971,86.0,7.105427357601002e-14
668,14.0,0.0009315555555531319,86.0,7.105427357601002e-14
669,14.0,0.0009797530865398585,86.0,7.105427357601002e-14
670,14.0,0.0008075061730323796,86.0,7.105427357601002e-14
671,25.0,0.001467259259243292,-24.0,7.105427357601002e-14
672,14.0,0.0009272098764085968,86.0,7.105427357601002e-14
673,14.0,0.001019259259237515,86.0,7.105427357601002e-14
674,14.0,0.0009698765431949141,86.0,7.105427357601002e-14
675,14.0,0.0007996049382654746,86.0,7.105427357601002e-14
676,14.0,0.0009110123457958252,86.0,7.105427357601002e-14
677,14.0,0.0008426666668128746,86.0,7.105427357601002e-14
678,14.0,0.000814222222288663,86.0,7.105427357601002e-14
679,14.0,0.0007964444444041874,86.0,7.105427357601002e-14
680,14.0,0.0010081975308366964,86.0,7.105427357601002e-14
681,14.0,0.0008173827159225766,86.0,7.105427357601002e-14
682,14.0,0.0008841481480885705,86.0,7.105427357601002e-14
683,14.0,0.0009248395060694747,86.0,7.105427357601002e-14
684,14.0,0.0008071111110439233,86.0,7.105427357601002e-14
685,14.0,0.0008051358024658839,86.0,7.105427357601002e-14
686,14.0,0.000892839506150267,86.0,7.105427357601002e-14
687,14.0,0.0008051358026932576,86.0,7.105427357601002e-14
688,14.0,0.000892839506150267,86.0,7.105427357601002e-14
689,14.0,0.0009027160494952113,86.0,7.105427357601002e-14
690,14.0,0.0008813827159883658,86.0,7.105427357601002e-14
691,14.0,0.0008434567901076662,86.0,7.105427357601002e-14
692,14.0,0.0008098765431441279,86.0,7.105427357601002e-14
693,14.0,0.0009797530863124848,86.0,7.105427357601002e-14
694,14.0,0.000963160493711257,86.0,7.105427357601002e-14
695,14.0,0.0008920493826281017,86.0,7.105427357601002e-14
696,14.0,0.0008035555554215534,86.0,7.105427357601002e-14
697,14.0,0.0008351604938070523,86.0,7.105427357601002e-14
698,14.0,0.001015703703615145,86.0,7.105427357601002e-14
699,14.0,0.0008588641974256461,86.0,7.105427357601002e-14
700,14.0,0.0008932345679113496,86.0,7.105427357601002e-14
701,14.0,0.0008612345679921418,86.0,7.105427357601002e-14
702,14.0,0.0008090864196219627,86.0,7.105427357601002e-14
703,14.0,0.0009185185185742739,86.0,7.105427357601002e-14
704,14.0,0.0008047407407048013,86.0,7.105427357601002e-14
705,16.0,0.0009706666664897057,84.0,7.105427357601002e-14
706,14.0,0.0008979753085895936,86.0,7.105427357601002e-14
707,14.0,0.0010678518517579505,86.0,7.105427357601002e-14
708,14.0,0.0008497777778302407,86.0,7.105427357601002e-14
709,14.0,0.000912987654146491,86.0,7.105427357601002e-14
710,14.0,0.0008521481481693627,86.0,7.105427357601002e-14
711,14.0,0.0008335802469900955,86.0,7.105427357601002e-14
712,14.0,0.000809481481610419,86.0,7.105427357601002e-14
713,14.0,0.0008217283950671117,86.0,7.105427357601002e-14
714,131.0,0.007482074074005141,-130.0,7.105427357601002e-14
715,14.0,0.0008031604938878445,86.0,7.105427357601002e-14
716,14.0,0.0007992098767317657,86.0,7.105427357601002e-14
717,16.0,0.0010172839506594755,84.0,7.105427357601002e-14
718,14.0,0.0008434567901076662,86.0,7.105427357601002e-14
719,14.0,0.0009264197531138052,86.0,7.105427357601002e-14
720,16.0,0.0010145185185592709,84.0,7.105427357601002e-14
721,14.0,0.0009287901234529272,86.0,7.105427357601002e-14
722,14.0,0.0009098271602852037,86.0,7.105427357601002e-14
723,16.0,0.000958419753033013,84.0,7.105427357601002e-14
724,14.0,0.0011101234567831852,86.0,7.105427357601002e-14
725,14.0,0.0009651358025166701,86.0,7.105427357601002e-14
726,14.0,0.001111308642066433,86.0,7.105427357601002e-14
727,14.0,0.0009074567901734554,86.0,7.105427357601002e-14
728,14.0,0.0008880987654720229,86.0,7.105427357601002e-14
729,14.0,0.0012183703704522486,86.0,7.105427357601002e-14
730,14.0,0.0011520000000473374,86.0,7.105427357601002e-14
731,14.0,0.0012452345679321297,86.0,7.105427357601002e-14
732,14.0,0.0008138271605275804,86.0,7.105427357601002e-14
733,14.0,0.0008801975309324916,86.0,7.105427357601002e-14
734,14.0,0.0009359012344702933,86.0,7.105427357601002e-14
735,14.0,0.000897580246828511,86.0,7.105427357601002e-14
736,14.0,0.0008963950617726368,86.0,7.105427357601002e-14
737,14.0,0.0009520987653104385,86.0,7.105427357601002e-14
738,14.0,0.0009197037036301481,86.0,7.105427357601002e-14
739,14.0,0.0008237037036451511,86.0,7.105427357601002e-14
740,14.0,0.0008683456790095079,86.0,7.105427357601002e-14
741,14.0,0.0008987654321117589,86.0,7.105427357601002e-14
742,16.0,0.0009714567900118709,84.0,7.105427357601002e-14
743,14.0,0.0009813333333568153,86.0,7.105427357601002e-14
744,14.0,0.0008545185185084847,86.0,7.105427357601002e-14
745,14.0,0.0009564444444549736,86.0,7.105427357601002e-14
746,14.0,0.0008221234568281943,86.0,7.105427357601002e-14
747,14.0,0.0009114074073295342,86.0,7.105427357601002e-14
748,14.0,0.0009536790123547689,86.0,7.105427357601002e-14
749,14.0,0.0010018765433414956,86.0,7.105427357601002e-14
750,16.0,0.0012997530864140572,84.0,7.105427357601002e-14
751,14.0,0.000930370370269884,86.0,7.105427357601002e-14
752,14.0,0.000971061728478162,86.0,7.105427357601002e-14
753,14.0,0.0010579753086403798,86.0,7.105427357601002e-14
754,14.0,0.0011994074075118988,86.0,7.105427357601002e-14
755,14.0,0.001040987654505443,86.0,7.105427357601002e-14
756,14.0,0.0009244444445357658,86.0,7.105427357601002e-14
757,14.0,0.0008252839504621079,86.0,7.105427357601002e-14
758,16.0,0.0011136790124055551,84.0,7.105427357601002e-14
759,14.0,0.0009825185184126894,86.0,7.105427357601002e-14
760,14.0,0.0008150123458108283,86.0,7.105427357601002e-14
761,14.0,0.0010149135800929798,86.0,7.105427357601002e-14
762,14.0,0.000895209876489389,86.0,7.105427357601002e-14
763,15.0,0.0008960000000115542,85.0,7.105427357601002e-14
764,14.0,0.0008438518518687488,86.0,7.105427357601002e-14
765,14.0,0.0008936296296724322,86.0,7.105427357601002e-14
766,14.0,0.0008987654321117589,86.0,7.105427357601002e-14
767,14.0,0.0009366913582198322,86.0,7.105427357601002e-14
768,14.0,0.0009414320986707025,86.0,7.105427357601002e-14
769,14.0,0.0009398518518537458,86.0,7.105427357601002e-14
770,14.0,0.0012582716049109877,86.0,7.105427357601002e-14
771,14.0,0.0017947654318959394,86.0,7.105427357601002e-14
772,14.0,0.0010078024693029874,86.0,7.105427357601002e-14
773,14.0,0.001641481481556184,86.0,7.105427357601002e-14
774,14.0,0.0008916543210943928,86.0,7.105427357601002e-14
775,16.0,0.0009746172838731582,84.0,7.105427357601002e-14
776,14.0,0.000880197530705118,86.0,7.105427357601002e-14
777,14.0,0.0008343703705122607,86.0,7.105427357601002e-14
778,14.0,0.0008335802469900955,86.0,7.105427357601002e-14
779,14.0,0.0008391111111905047,86.0,7.105427357601002e-14
780,14.0,0.0008406913580074615,86.0,7.105427357601002e-14
781,14.0,0.0008956049382504716,86.0,7.105427357601002e-14
782,14.0,0.0009280000001581357,86.0,7.105427357601002e-14
783,14.0,0.0009951604938578384,86.0,7.105427357601002e-14
784,14.0,0.0008434567901076662,86.0,7.105427357601002e-14
785,14.0,0.0008849382716107357,86.0,7.105427357601002e-14
786,14.0,0.0008067160492828407,86.0,7.105427357601002e-14
787,14.0,0.0008023703703656793,86.0,7.105427357601002e-14
788,14.0,0.0008478024690248276,86.0,7.105427357601002e-14
789,14.0,0.0008481975310132839,86.0,7.105427357601002e-14
790,14.0,0.0012468148149764602,86.0,7.105427357601002e-14
791,15.0,0.0009564444444549736,85.0,7.105427357601002e-14
792,14.0,0.0009833086421622284,86.0,7.105427357601002e-14
793,14.0,0.0008861234568939835,86.0,7.105427357601002e-14
794,15.0,0.000927999999930762,85.0,7.105427357601002e-14
795,14.0,0.0009260246913527226,86.0,7.105427357601002e-14
796,14.0,0.0008442469136298314,86.0,7.105427357601002e-14
797,33.0,0.002245135802468212,-32.0,7.105427357601002e-14
798,14.0,0.0008944197531945974,86.0,7.105427357601002e-14
799,14.0,0.0010224197530988022,86.0,7.105427357601002e-14
800,14.0,0.0009197037038575218,86.0,7.105427357601002e-14
801,14.0,0.0008043456791710923,86.0,7.105427357601002e-14
802,14.0,0.0008541234567474021,86.0,7.105427357601002e-14
803,17.0,0.0010050370369754091,83.0,7.105427357601002e-14
804,14.0,0.0008651851851482206,86.0,7.105427357601002e-14
805,14.0,0.0009445925925319898,86.0,7.105427357601002e-14
806,14.0,0.0008177777776836592,86.0,7.105427357601002e-14
807,14.0,0.0009860740740350593,86.0,7.105427357601002e-14
808,14.0,0.0011567407407255814,86.0,7.105427357601002e-14
809,14.0,0.0008837530863274878,86.0,7.105427357601002e-14
810,14.0,0.0008869135804161488,86.0,7.105427357601002e-14
811,18.0,0.001071802469141403,82.0,7.105427357601002e-14
812,14.0,0.0008683456790095079,86.0,7.105427357601002e-14
813,15.0,0.0009212839506744785,85.0,7.105427357601002e-14
814,14.0,0.0008948148147283064,86.0,7.105427357601002e-14
815,14.0,0.000899950617167633,86.0,7.105427357601002e-14
816,14.0,0.000958419753033013,86.0,7.105427357601002e-14
817,14.0,0.0008063209875217581,86.0,7.105427357601002e-14
818,14.0,0.000845037036924623,86.0,7.105427357601002e-14
819,14.0,0.0008809876544546569,86.0,7.105427357601002e-14
820,14.0,0.0008106666666662932,86.0,7.105427357601002e-14
821,14.0,0.000831999999945765,86.0,7.105427357601002e-14
822,16.0,0.0009682962963779573,84.0,7.105427357601002e-14
823,14.0,0.0008588641976530198,86.0,7.105427357601002e-14
824,14.0,0.0009094320987514948,86.0,7.105427357601002e-14
825,14.0,0.000987654320852016,86.0,7.105427357601002e-14
826,14.0,0.0009536790123547689,86.0,7.105427357601002e-14
827,14.0,0.0008075061728050059,86.0,7.105427357601002e-14
828,14.0,0.0008426666668128746,86.0,7.105427357601002e-14
829,14.0,0.000897580246828511,86.0,7.105427357601002e-14
830,14.0,0.0009505185184934817,86.0,7.105427357601002e-14
831,14.0,0.0009086419752293295,86.0,7.105427357601002e-14
832,14.0,0.000816592592627785,86.0,7.105427357601002e-14
833,14.0,0.0008999506173950067,86.0,7.105427357601002e-14
834,14.0,0.0009339259261196275,86.0,7.105427357601002e-14
835,14.0,0.0008043456789437187,86.0,7.105427357601002e-14
836,14.0,0.000903111111256294,86.0,7.105427357601002e-14
837,14.0,0.000809481481610419,86.0,7.105427357601002e-14
838,14.0,0.0008963950617726368,86.0,7.105427357601002e-14
839,14.0,0.0008967901235337195,86.0,7.105427357601002e-14
840,14.0,0.0009157530864740693,86.0,7.105427357601002e-14
841,14.0,0.0008640000000923465,86.0,7.105427357601002e-14
842,14.0,0.0008754567900268739,86.0,7.105427357601002e-14
843,14.0,0.0009252345678305574,86.0,7.105427357601002e-14
844,14.0,0.0008572839506086893,86.0,7.105427357601002e-14
845,16.0,0.0009212839504471049,84.0,7.105427357601002e-14
846,14.0,0.0008244938271673163,86.0,7.105427357601002e-14
847,14.0,0.0008051358024658839,86.0,7.105427357601002e-14
848,14.0,0.0008478024692522013,86.0,7.105427357601002e-14
849,14.0,0.0008442469136298314,86.0,7.105427357601002e-14
850,14.0,0.0008948148147283064,86.0,7.105427357601002e-14
851,14.0,0.000895209876489389,86.0,7.105427357601002e-14
852,14.0,0.0008932345679113496,86.0,7.105427357601002e-14
853,14.0,0.0008995555554065504,86.0,7.105427357601002e-14
854,14.0,0.0008075061728050059,86.0,7.105427357601002e-14
855,14.0,0.0008110617284273758,86.0,7.105427357601002e-14
856,14.0,0.0008501728395913233,86.0,7.105427357601002e-14
857,14.0,0.0009145679011908214,86.0,7.105427357601002e-14
858,14.0,0.0008837530863274878,86.0,7.105427357601002e-14
859,14.0,0.001046123456717396,86.0,7.105427357601002e-14
860,15.0,0.0009074567901734554,-14.0,7.105427357601002e-14
861,14.0,0.0008944197531945974,86.0,7.105427357601002e-14
862,14.0,0.000860049382708894,86.0,7.105427357601002e-14
863,14.0,0.0008849382716107357,86.0,7.105427357601002e-14
864,14.0,0.0008979753085895936,86.0,7.105427357601002e-14
865,14.0,0.0008051358024658839,86.0,7.105427357601002e-14
866,14.0,0.0007996049382654746,86.0,7.105427357601002e-14
867,14.0,0.0008019753086045966,86.0,7.105427357601002e-14
868,14.0,0.0007984197532096005,86.0,7.105427357601002e-14
869,14.0,0.0008466172839689534,86.0,7.105427357601002e-14
870,14.0,0.0009572345679771388,86.0,7.105427357601002e-14
871,14.0,0.0008142222220612894,86.0,7.105427357601002e-14
872,14.0,0.0008039506174100097,86.0,7.105427357601002e-14
873,14.0,0.0007518024690398306,86.0,7.105427357601002e-14
874,14.0,0.0007644444444849796,86.0,7.105427357601002e-14
875,14.0,0.0007920987652596523,86.0,7.105427357601002e-14
876,14.0,0.0007585185185234877,86.0,7.105427357601002e-14
877,14.0,0.0007924938272481086,86.0,7.105427357601002e-14
878,14.0,0.0008300246913677256,86.0,7.105427357601002e-14
879,14.0,0.0009090370369904122,86.0,7.105427357601002e-14
880,14.0,0.0009299753087361751,86.0,7.105427357601002e-14
881,14.0,0.0008604444444699766,86.0,7.105427357601002e-14
882,14.0,0.0009675061728557921,86.0,7.105427357601002e-14
883,14.0,0.0011318518520511134,86.0,7.105427357601002e-14
884,14.0,0.000864790123387138,86.0,7.105427357601002e-14
885,14.0,0.0008525432097030716,86.0,7.105427357601002e-14
886,14.0,0.0008126419754717062,86.0,7.105427357601002e-14
887,14.0,0.0010753580247637728,86.0,7.105427357601002e-14
888,14.0,0.000930370370269884,86.0,7.105427357601002e-14
889,15.0,0.0009722469135340361,85.0,7.105427357601002e-14
890,14.0,0.0008395061729515874,86.0,7.105427357601002e-14
891,14.0,0.0008090864198493364,86.0,7.105427357601002e-14
892,14.0,0.0011464691358469281,86.0,7.105427357601002e-14
893,14.0,0.0012559012345718656,86.0,7.105427357601002e-14
894,14.0,0.0009094320987514948,86.0,7.105427357601002e-14
895,14.0,0.0008458271606741619,86.0,7.105427357601002e-14
896,14.0,0.0010034567901584523,86.0,7.105427357601002e-14
897,14.0,0.0008347654322733433,86.0,7.105427357601002e-14
898,14.0,0.0008371358023850917,86.0,7.105427357601002e-14
899,14.0,0.0008948148147283064,86.0,7.105427357601002e-14
900,14.0,0.0008402962962463789,86.0,7.105427357601002e-14
901,14.0,0.0009094320987514948,86.0,7.105427357601002e-14
902,14.0,0.0016683456788086914,86.0,7.105427357601002e-14
903,16.0,0.001004246913453244,84.0,7.105427357601002e-14
904,14.0,0.0009362962964587496,86.0,7.105427357601002e-14
905,16.0,0.0010236049381546763,84.0,7.105427357601002e-14
906,14.0,0.0010054320987364918,86.0,7.105427357601002e-14
907,14.0,0.0012373333333925984,86.0,7.105427357601002e-14
908,14.0,0.001270518518595054,86.0,7.105427357601002e-14
909,14.0,0.0010761481480585644,86.0,7.105427357601002e-14
910,14.0,0.0011531851851032116,86.0,7.105427357601002e-14
911,14.0,0.000991209876474386,86.0,7.105427357601002e-14
912,16.0,0.000945382716054155,84.0,7.105427357601002e-14
913,14.0,0.0009283950619192183,86.0,7.105427357601002e-14
914,14.0,0.0008841481480885705,86.0,7.105427357601002e-14
915,14.0,0.0008430617283465835,86.0,7.105427357601002e-14
916,14.0,0.0009457777778152376,86.0,7.105427357601002e-14
917,14.0,0.0008406913580074615,86.0,7.105427357601002e-14
918,14.0,0.0009714567902392446,86.0,7.105427357601002e-14
919,14.0,0.0008434567901076662,86.0,7.105427357601002e-14
920,14.0,0.0009003456789287156,86.0,7.105427357601002e-14
921,14.0,0.00083990123471267,86.0,7.105427357601002e-14
922,14.0,0.000845037036924623,86.0,7.105427357601002e-14
923,14.0,0.0008908641975722276,86.0,7.105427357601002e-14
924,15.0,0.0009050864198343334,85.0,7.105427357601002e-14
925,14.0,0.000862419753048016,86.0,7.105427357601002e-14
926,14.0,0.000902320987506755,86.0,7.105427357601002e-14
927,14.0,0.0009651358025166701,86.0,7.105427357601002e-14
928,14.0,0.0008770370368438307,86.0,7.105427357601002e-14
929,16.0,0.000982913580173772,84.0,7.105427357601002e-14
930,14.0,0.000899950617167633,86.0,7.105427357601002e-14
931,14.0,0.000816987654161494,86.0,7.105427357601002e-14
932,14.0,0.0009062716048902075,86.0,7.105427357601002e-14
933,15.0,0.0009050864196069597,85.0,7.105427357601002e-14
934,14.0,0.0009015308642119635,86.0,7.105427357601002e-14
935,14.0,0.0009133827161349473,86.0,7.105427357601002e-14
936,14.0,0.000955654321160182,86.0,7.105427357601002e-14
937,14.0,0.000940641975375911,86.0,7.105427357601002e-14
938,14.0,0.0011342222221628617,86.0,7.105427357601002e-14
939,14.0,0.001078913580158769,86.0,7.105427357601002e-14
940,14.0,0.0008537283949863195,86.0,7.105427357601002e-14
941,14.0,0.0008067160492828407,86.0,7.105427357601002e-14
942,14.0,0.0009137777776686562,86.0,7.105427357601002e-14
943,14.0,0.0008379259259072569,86.0,7.105427357601002e-14
944,14.0,0.0009311604937920492,86.0,7.105427357601002e-14
945,14.0,0.0009809382715957327,86.0,7.105427357601002e-14
946,14.0,0.0008683456790095079,86.0,7.105427357601002e-14
947,14.0,0.001355851851940315,86.0,7.105427357601002e-14
948,14.0,0.000824888888928399,86.0,7.105427357601002e-14
949,14.0,0.0008106666666662932,86.0,7.105427357601002e-14
950,14.0,0.0008572839506086893,86.0,7.105427357601002e-14
951,14.0,0.0008564938270865241,86.0,7.105427357601002e-14
952,14.0,0.0008438518518687488,86.0,7.105427357601002e-14
953,14.0,0.0009935802470408817,86.0,7.105427357601002e-14
954,14.0,0.0009971358024358778,86.0,7.105427357601002e-14
955,16.0,0.0009153580247129867,84.0,7.105427357601002e-14
956,14.0,0.0010433580246171914,86.0,7.105427357601002e-14
957,21.0,0.0011836049382054625,-20.0,7.105427357601002e-14
958,14.0,0.0008114567901884584,86.0,7.105427357601002e-14
959,14.0,0.0010184691359427234,86.0,7.105427357601002e-14
960,14.0,0.000864790123387138,86.0,7.105427357601002e-14
961,14.0,0.0010311111111604987,86.0,7.105427357601002e-14
962,16.0,0.0010421728393339436,84.0,7.105427357601002e-14
963,14.0,0.0011828148146832973,86.0,7.105427357601002e-14
964,14.0,0.0013297777777552255,86.0,7.105427357601002e-14
965,14.0,0.0009157530864740693,86.0,7.105427357601002e-14
966,14.0,0.0008533333332252369,86.0,7.105427357601002e-14
967,14.0,0.0008106666666662932,86.0,7.105427357601002e-14
968,14.0,0.0008079012345660885,86.0,7.105427357601002e-14
969,14.0,0.0009615802468943002,86.0,7.105427357601002e-14
970,14.0,0.0009133827161349473,86.0,7.105427357601002e-14
971,14.0,0.0013088395062368363,86.0,7.105427357601002e-14
972,14.0,0.0010176790121931845,86.0,7.105427357601002e-14
973,14.0,0.0008825679012716137,86.0,7.105427357601002e-14
974,14.0,0.000940641975375911,86.0,7.105427357601002e-14
975,14.0,0.0008292345678455604,86.0,7.105427357601002e-14
976,14.0,0.0009125925923854084,86.0,7.105427357601002e-14
977,14.0,0.0008237037036451511,86.0,7.105427357601002e-14
978,16.0,0.001142123456702393,84.0,7.105427357601002e-14
979,27.0,0.0016734814814753918,-26.0,7.105427357601002e-14
980,15.0,0.0009181234568131913,-14.0,7.105427357601002e-14
981,14.0,0.000869530864065382,86.0,7.105427357601002e-14
982,14.0,0.0011583209875425382,86.0,7.105427357601002e-14
983,14.0,0.0010828641975422215,86.0,7.105427357601002e-14
984,14.0,0.0009517037035493559,86.0,7.105427357601002e-14
985,14.0,0.0008474074074911186,86.0,7.105427357601002e-14
986,14.0,0.00115239506180842,86.0,7.105427357601002e-14
987,99.0,0.005842172839493287,-98.0,7.105427357601002e-14
988,14.0,0.0008217283950671117,86.0,7.105427357601002e-14
989,16.0,0.0009706666667170794,84.0,7.105427357601002e-14
990,14.0,0.0009335308641311713,86.0,7.105427357601002e-14
991,14.0,0.0009742222221120755,86.0,7.105427357601002e-14
992,14.0,0.0008351604938070523,86.0,7.105427357601002e-14
993,14.0,0.0009181234568131913,86.0,7.105427357601002e-14
994,14.0,0.0008300246913677256,86.0,7.105427357601002e-14
995,14.0,0.0009212839506744785,86.0,7.105427357601002e-14
996,14.0,0.0008995555556339241,86.0,7.105427357601002e-14
997,14.0,0.0008280493825623125,86.0,7.105427357601002e-14
998,14.0,0.0010836543210643867,86.0,7.105427357601002e-14
999,14.0,0.0008233086421114422,86.0,7.105427357601002e-14
1000,0.0,0.0,0.0,0.0
1001,0.0,0.0,0.0,0.0
1002,0.0,0.0,0.0,0.0
1003,0.0,0.0,0.0,0.0
1004,0.0,0.0,0.0,0.0
1005,0.0,0.0,0.0,0.0
1006,0.0,0.0,0.0,0.0
1007,0.0,0.0,0.0,0.0
1008,0.0,0.0,0.0,0.0
1009,0.0,0.0,0.0,0.0
1010,0.0,0.0,0.0,0.0
1011,0.0,0.0,0.0,0.0
1012,0.0,0.0,0.0,0.0
1013,0.0,0.0,0.0,0.0
1014,0.0,0.0,0.0,0.0
1015,0.0,0.0,0.0,0.0
1016,0.0,0.0,0.0,0.0
1017,0.0,0.0,0.0,0.0
1018,0.0,0.0,0.0,0.0
1019,0.0,0.0,0.0,0.0
1020,0.0,0.0,0.0,0.0
1021,0.0,0.0,0.0,0.0
1022,0.0,0.0,0.0,0.0
1023,0.0,0.0,0.0,0.0
1024,0.0,0.0,0.0,0.0
1025,0.0,0.0,0.0,0.0
1026,0.0,0.0,0.0,0.0
1027,0.0,0.0,0.0,0.0
1028,0.0,0.0,0.0,0.0
1029,0.0,0.0,0.0,0.0
1030,0.0,0.0,0.0,0.0
1031,0.0,0.0,0.0,0.0
1032,0.0,0.0,0.0,0.0
1033,0.0,0.0,0.0,0.0
1034,0.0,0.0,0.0,0.0
1035,0.0,0.0,0.0,0.0
1036,0.0,0.0,0.0,0.0
1037,0.0,0.0,0.0,0.0
1038,0.0,0.0,0.0,0.0
1039,0.0,0.0,0.0,0.0
1040,0.0,0.0,0.0,0.0
1041,0.0,0.0,0.0,0.0
1042,0.0,0.0,0.0,0.0
1043,0.0,0.0,0.0,0.0
1044,0.0,0.0,0.0,0.0
1045,0.0,0.0,0.0,0.0
1046,0.0,0.0,0.0,0.0
1047,0.0,0.0,0.0,0.0
1048,0.0,0.0,0.0,0.0
1049,0.0,0.0,0.0,0.0
1050,0.0,0.0,0.0,0.0
1051,0.0,0.0,0.0,0.0
1052,0.0,0.0,0.0,0.0
1053,0.0,0.0,0.0,0.0
1054,0.0,0.0,0.0,0.0
1055,0.0,0.0,0.0,0.0
1056,0.0,0.0,0.0,0.0
1057,0.0,0.0,0.0,0.0
1058,0.0,0.0,0.0,0.0
1059,0.0,0.0,0.0,0.0
1060,0.0,0.0,0.0,0.0
1061,0.0,0.0,0.0,0.0
1062,0.0,0.0,0.0,0.0
1063,0.0,0.0,0.0,0.0
1064,0.0,0.0,0.0,0.0
1065,0.0,0.0,0.0,0.0
1066,0.0,0.0,0.0,0.0
1067,0.0,0.0,0.0,0.0
1068,0.0,0.0,0.0,0.0
1069,0.0,0.0,0.0,0.0
1070,0.0,0.0,0.0,0.0
1071,0.0,0.0,0.0,0.0
1072,0.0,0.0,0.0,0.0
1073,0.0,0.0,0.0,0.0
1074,0.0,0.0,0.0,0.0
1075,0.0,0.0,0.0,0.0
1076,0.0,0.0,0.0,0.0
1077,0.0,0.0,0.0,0.0
1078,0.0,0.0,0.0,0.0
1079,0.0,0.0,0.0,0.0
1080,0.0,0.0,0.0,0.0
1081,0.0,0.0,0.0,0.0
1082,0.0,0.0,0.0,0.0
1083,0.0,0.0,0.0,0.0
1084,0.0,0.0,0.0,0.0
1085,0.0,0.0,0.0,0.0
1086,0.0,0.0,0.0,0.0
1087,0.0,0.0,0.0,0.0
1088,0.0,0.0,0.0,0.0
1089,0.0,0.0,0.0,0.0
1090,0.0,0.0,0.0,0.0
1091,0.0,0.0,0.0,0.0
1092,0.0,0.0,0.0,0.0
1093,0.0,0.0,0.0,0.0
1094,0.0,0.0,0.0,0.0
1095,0.0,0.0,0.0,0.0
1096,0.0,0.0,0.0,0.0
1097,0.0,0.0,0.0,0.0
1098,0.0,0.0,0.0,0.0
1099,0.0,0.0,0.0,0.0
1100,0.0,0.0,0.0,0.0
1101,0.0,0.0,0.0,0.0
1102,0.0,0.0,0.0,0.0
1103,0.0,0.0,0.0,0.0
1104,0.0,0.0,0.0,0.0
1105,0.0,0.0,0.0,0.0
1106,0.0,0.0,0.0,0.0
1107,0.0,0.0,0.0,0.0
1108,0.0,0.0,0.0,0.0
1109,0.0,0.0,0.0,0.0
1110,0.0,0.0,0.0,0.0
1111,0.0,0.0,0.0,0.0
1112,0.0,0.0,0.0,0.0
1113,0.0,0.0,0.0,0.0
1114,0.0,0.0,0.0,0.0
1115,0.0,0.0,0.0,0.0
1116,0.0,0.0,0.0,0.0
1117,0.0,0.0,0.0,0.0
1118,0.0,0.0,0.0,0.0
1119,0.0,0.0,0.0,0.0
1120,0.0,0.0,0.0,0.0
1121,0.0,0.0,0.0,0.0
1122,0.0,0.0,0.0,0.0
1123,0.0,0.0,0.0,0.0
1124,0.0,0.0,0.0,0.0
1125,0.0,0.0,0.0,0.0
1126,0.0,0.0,0.0,0.0
1127,0.0,0.0,0.0,0.0
1128,0.0,0.0,0.0,0.0
1129,0.0,0.0,0.0,0.0
1130,0.0,0.0,0.0,0.0
1131,0.0,0.0,0.0,0.0
1132,0.0,0.0,0.0,0.0
1133,0.0,0.0,0.0,0.0
1134,0.0,0.0,0.0,0.0
1135,0.0,0.0,0.0,0.0
1136,0.0,0.0,0.0,0.0
1137,0.0,0.0,0.0,0.0
1138,0.0,0.0,0.0,0.0
1139,0.0,0.0,0.0,0.0
1140,0.0,0.0,0.0,0.0
1141,0.0,0.0,0.0,0.0
1142,0.0,0.0,0.0,0.0
1143,0.0,0.0,0.0,0.0
1144,0.0,0.0,0.0,0.0
1145,0.0,0.0,0.0,0.0
1146,0.0,0.0,0.0,0.0
1147,0.0,0.0,0.0,0.0
1148,0.0,0.0,0.0,0.0
1149,0.0,0.0,0.0,0.0
1150,0.0,0.0,0.0,0.0
1151,0.0,0.0,0.0,0.0
1152,0.0,0.0,0.0,0.0
1153,0.0,0.0,0.0,0.0
1154,0.0,0.0,0.0,0.0
1155,0.0,0.0,0.0,0.0
1156,0.0,0.0,0.0,0.0
1157,0.0,0.0,0.0,0.0
1158,0.0,0.0,0.0,0.0
1159,0.0,0.0,0.0,0.0
1160,0.0,0.0,0.0,0.0
1161,0.0,0.0,0.0,0.0
1162,0.0,0.0,0.0,0.0
1163,0.0,0.0,0.0,0.0
1164,0.0,0.0,0.0,0.0
1165,0.0,0.0,0.0,0.0
1166,0.0,0.0,0.0,0.0
1167,0.0,0.0,0.0,0.0
1168,0.0,0.0,0.0,0.0
1169,0.0,0.0,0.0,0.0
1170,0.0,0.0,0.0,0.0
1171,0.0,0.0,0.0,0.0
1172,0.0,0.0,0.0,0.0
1173,0.0,0.0,0.0,0.0
1174,0.0,0.0,0.0,0.0
1175,0.0,0.0,0.0,0.0
1176,0.0,0.0,0.0,0.0
1177,0.0,0.0,0.0,0.0
1178,0.0,0.0,0.0,0.0
1179,0.0,0.0,0.0,0.0
1180,0.0,0.0,0.0,0.0
1181,0.0,0.0,0.0,0.0
1182,0.0,0.0,0.0,0.0
1183,0.0,0.0,0.0,0.0
1184,0.0,0.0,0.0,0.0
1185,0.0,0.0,0.0,0.0
1186,0.0,0.0,0.0,0.0
1187,0.0,0.0,0.0,0.0
1188,0.0,0.0,0.0,0.0
1189,0.0,0.0,0.0,0.0
1190,0.0,0.0,0.0,0.0
1191,0.0,0.0,0.0,0.0
1192,0.0,0.0,0.0,0.0
1193,0.0,0.0,0.0,0.0
1194,0.0,0.0,0.0,0.0
1195,0.0,0.0,0.0,0.0
1196,0.0,0.0,0.0,0.0
1197,0.0,0.0,0.0,0.0
1198,0.0,0.0,0.0,0.0
1199,0.0,0.0,0.0,0.0
1200,0.0,0.0,0.0,0.0
1201,0.0,0.0,0.0,0.0
1202,0.0,0.0,0.0,0.0
1203,0.0,0.0,0.0,0.0
1204,0.0,0.0,0.0,0.0
1205,0.0,0.0,0.0,0.0
1206,0.0,0.0,0.0,0.0
1207,0.0,0.0,0.0,0.0
1208,0.0,0.0,0.0,0.0
1209,0.0,0.0,0.0,0.0
1210,0.0,0.0,0.0,0.0
1211,0.0,0.0,0.0,0.0
1212,0.0,0.0,0.0,0.0
1213,0.0,0.0,0.0,0.0
1214,0.0,0.0,0.0,0.0
1215,0.0,0.0,0.0,0.0
1216,0.0,0.0,0.0,0.0
1217,0.0,0.0,0.0,0.0
1218,0.0,0.0,0.0,0.0
1219,0.0,0.0,0.0,0.0
1220,0.0,0.0,0.0,0.0
1221,0.0,0.0,0.0,0.0
1222,0.0,0.0,0.0,0.0
1223,0.0,0.0,0.0,0.0
1224,0.0,0.0,0.0,0.0
1225,0.0,0.0,0.0,0.0
1226,0.0,0.0,0.0,0.0
1227,0.0,0.0,0.0,0.0
1228,0.0,0.0,0.0,0.0
1229,0.0,0.0,0.0,0.0
1230,0.0,0.0,0.0,0.0
1231,0.0,0.0,0.0,0.0
1232,0.0,0.0,0.0,0.0
1233,0.0,0.0,0.0,0.0
1234,0.0,0.0,0.0,0.0
1235,0.0,0.0,0.0,0.0
1236,0.0,0.0,0.0,0.0
1237,0.0,0.0,0.0,0.0
1238,0.0,0.0,0.0,0.0
1239,0.0,0.0,0.0,0.0
1240,0.0,0.0,0.0,0.0
1241,0.0,0.0,0.0,0.0
1242,0.0,0.0,0.0,0.0
1243,0.0,0.0,0.0,0.0
1244,0.0,0.0,0.0,0.0
1245,0.0,0.0,0.0,0.0
1246,0.0,0.0,0.0,0.0
1247,0.0,0.0,0.0,0.0
1248,0.0,0.0,0.0,0.0
1249,0.0,0.0,0.0,0.0
1250,0.0,0.0,0.0,0.0
1251,0.0,0.0,0.0,0.0
1252,0.0,0.0,0.0,0.0
1253,0.0,0.0,0.0,0.0
1254,0.0,0.0,0.0,0.0
1255,0.0,0.0,0.0,0.0
1256,0.0,0.0,0.0,0.0
1257,0.0,0.0,0.0,0.0
1258,0.0,0.0,0.0,0.0
1259,0.0,0.0,0.0,0.0
1260,0.0,0.0,0.0,0.0
1261,0.0,0.0,0.0,0.0
1262,0.0,0.0,0.0,0.0
1263,0.0,0.0,0.0,0.0
1264,0.0,0.0,0.0,0.0
1265,0.0,0.0,0.0,0.0
1266,0.0,0.0,0.0,0.0
1267,0.0,0.0,0.0,0.0
1268,0.0,0.0,0.0,0.0
1269,0.0,0.0,0.0,0.0
1270,0.0,0.0,0.0,0.0
1271,0.0,0.0,0.0,0.0
1272,0.0,0.0,0.0,0.0
1273,0.0,0.0,0.0,0.0
1274,0.0,0.0,0.0,0.0
1275,0.0,0.0,0.0,0.0
1276,0.0,0.0,0.0,0.0
1277,0.0,0.0,0.0,0.0
1278,0.0,0.0,0.0,0.0
1279,0.0,0.0,0.0,0.0
1280,0.0,0.0,0.0,0.0
1281,0.0,0.0,0.0,0.0
1282,0.0,0.0,0.0,0.0
1283,0.0,0.0,0.0,0.0
1284,0.0,0.0,0.0,0.0
1285,0.0,0.0,0.0,0.0
1286,0.0,0.0,0.0,0.0
1287,0.0,0.0,0.0,0.0
1288,0.0,0.0,0.0,0.0
1289,0.0,0.0,0.0,0.0
1290,0.0,0.0,0.0,0.0
1291,0.0,0.0,0.0,0.0
1292,0.0,0.0,0.0,0.0
1293,0.0,0.0,0.0,0.0
1294,0.0,0.0,0.0,0.0
1295,0.0,0.0,0.0,0.0
1296,0.0,0.0,0.0,0.0
1297,0.0,0.0,0.0,0.0
1298,0.0,0.0,0.0,0.0
1299,0.0,0.0,0.0,0.0
1300,0.0,0.0,0.0,0.0
1301,0.0,0.0,0.0,0.0
1302,0.0,0.0,0.0,0.0
1303,0.0,0.0,0.0,0.0
1304,0.0,0.0,0.0,0.0
1305,0.0,0.0,0.0,0.0
1306,0.0,0.0,0.0,0.0
1307,0.0,0.0,0.0,0.0
1308,0.0,0.0,0.0,0.0
1309,0.0,0.0,0.0,0.0
1310,0.0,0.0,0.0,0.0
1311,0.0,0.0,0.0,0.0
1312,0.0,0.0,0.0,0.0
1313,0.0,0.0,0.0,0.0
1314,0.0,0.0,0.0,0.0
1315,0.0,0.0,0.0,0.0
1316,0.0,0.0,0.0,0.0
1317,0.0,0.0,0.0,0.0
1318,0.0,0.0,0.0,0.0
1319,0.0,0.0,0.0,0.0
1320,0.0,0.0,0.0,0.0
1321,0.0,0.0,0.0,0.0
1322,0.0,0.0,0.0,0.0
1323,0.0,0.0,0.0,0.0
1324,0.0,0.0,0.0,0.0
1325,0.0,0.0,0.0,0.0
1326,0.0,0.0,0.0,0.0
1327,0.0,0.0,0.0,0.0
1328,0.0,0.0,0.0,0.0
1329,0.0,0.0,0.0,0.0
1330,0.0,0.0,0.0,0.0
1331,0.0,0.0,0.0,0.0
1332,0.0,0.0,0.0,0.0
1333,0.0,0.0,0.0,0.0
1334,0.0,0.0,0.0,0.0
1335,0.0,0.0,0.0,0.0
1336,0.0,0.0,0.0,0.0
1337,0.0,0.0,0.0,0.0
1338,0.0,0.0,0.0,0.0
1339,0.0,0.0,0.0,0.0
1340,0.0,0.0,0.0,0.0
1341,0.0,0.0,0.0,0.0
1342,0.0,0.0,0.0,0.0
1343,0.0,0.0,0.0,0.0
1344,0.0,0.0,0.0,0.0
1345,0.0,0.0,0.0,0.0
1346,0.0,0.0,0.0,0.0
1347,0.0,0.0,0.0,0.0
1348,0.0,0.0,0.0,0.0
1349,0.0,0.0,0.0,0.0
1350,0.0,0.0,0.0,0.0
1351,0.0,0.0,0.0,0.0
1352,0.0,0.0,0.0,0.0
1353,0.0,0.0,0.0,0.0
1354,0.0,0.0,0.0,0.0
1355,0.0,0.0,0.0,0.0
1356,0.0,0.0,0.0,0.0
1357,0.0,0.0,0.0,0.0
1358,0.0,0.0,0.0,0.0
1359,0.0,0.0,0.0,0.0
1360,0.0,0.0,0.0,0.0
1361,0.0,0.0,0.0,0.0
1362,0.0,0.0,0.0,0.0
1363,0.0,0.0,0.0,0.0
1364,0.0,0.0,0.0,0.0
1365,0.0,0.0,0.0,0.0
1366,0.0,0.0,0.0,0.0
1367,0.0,0.0,0.0,0.0
1368,0.0,0.0,0.0,0.0
1369,0.0,0.0,0.0,0.0
1370,0.0,0.0,0.0,0.0
1371,0.0,0.0,0.0,0.0
1372,0.0,0.0,0.0,0.0
1373,0.0,0.0,0.0,0.0
1374,0.0,0.0,0.0,0.0
1375,0.0,0.0,0.0,0.0
1376,0.0,0.0,0.0,0.0
1377,0.0,0.0,0.0,0.0
1378,0.0,0.0,0.0,0.0
1379,0.0,0.0,0.0,0.0
1380,0.0,0.0,0.0,0.0
1381,0.0,0.0,0.0,0.0
1382,0.0,0.0,0.0,0.0
1383,0.0,0.0,0.0,0.0
1384,0.0,0.0,0.0,0.0
1385,0.0,0.0,0.0,0.0
1386,0.0,0.0,0.0,0.0
1387,0.0,0.0,0.0,0.0
1388,0.0,0.0,0.0,0.0
1389,0.0,0.0,0.0,0.0
1390,0.0,0.0,0.0,0.0
1391,0.0,0.0,0.0,0.0
1392,0.0,0.0,0.0,0.0
1393,0.0,0.0,0.0,0.0
1394,0.0,0.0,0.0,0.0
1395,0.0,0.0,0.0,0.0
1396,0.0,0.0,0.0,0.0
1397,0.0,0.0,0.0,0.0
1398,0.0,0.0,0.0,0.0
1399,0.0,0.0,0.0,0.0
1400,0.0,0.0,0.0,0.0
1401,0.0,0.0,0.0,0.0
1402,0.0,0.0,0.0,0.0
1403,0.0,0.0,0.0,0.0
1404,0.0,0.0,0.0,0.0
1405,0.0,0.0,0.0,0.0
1406,0.0,0.0,0.0,0.0
1407,0.0,0.0,0.0,0.0
1408,0.0,0.0,0.0,0.0
1409,0.0,0.0,0.0,0.0
1410,0.0,0.0,0.0,0.0
1411,0.0,0.0,0.0,0.0
1412,0.0,0.0,0.0,0.0
1413,0.0,0.0,0.0,0.0
1414,0.0,0.0,0.0,0.0
1415,0.0,0.0,0.0,0.0
1416,0.0,0.0,0.0,0.0
1417,0.0,0.0,0.0,0.0
1418,0.0,0.0,0.0,0.0
1419,0.0,0.0,0.0,0.0
1420,0.0,0.0,0.0,0.0
1421,0.0,0.0,0.0,0.0
1422,0.0,0.0,0.0,0.0
1423,0.0,0.0,0.0,0.0
1424,0.0,0.0,0.0,0.0
1425,0.0,0.0,0.0,0.0
1426,0.0,0.0,0.0,0.0
1427,0.0,0.0,0.0,0.0
1428,0.0,0.0,0.0,0.0
1429,0.0,0.0,0.0,0.0
1430,0.0,0.0,0.0,0.0
1431,0.0,0.0,0.0,0.0
1432,0.0,0.0,0.0,0.0
1433,0.0,0.0,0.0,0.0
1434,0.0,0.0,0.0,0.0
1435,0.0,0.0,0.0,0.0
1436,0.0,0.0,0.0,0.0
1437,0.0,0.0,0.0,0.0
1438,0.0,0.0,0.0,0.0
1439,0.0,0.0,0.0,0.0
1440,0.0,0.0,0.0,0.0
1441,0.0,0.0,0.0,0.0
1442,0.0,0.0,0.0,0.0
1443,0.0,0.0,0.0,0.0
1444,0.0,0.0,0.0,0.0
1445,0.0,0.0,0.0,0.0
1446,0.0,0.0,0.0,0.0
1447,0.0,0.0,0.0,0.0
1448,0.0,0.0,0.0,0.0
1449,0.0,0.0,0.0,0.0
1450,0.0,0.0,0.0,0.0
1451,0.0,0.0,0.0,0.0
1452,0.0,0.0,0.0,0.0
1453,0.0,0.0,0.0,0.0
1454,0.0,0.0,0.0,0.0
1455,0.0,0.0,0.0,0.0
1456,0.0,0.0,0.0,0.0
1457,0.0,0.0,0.0,0.0
1458,0.0,0.0,0.0,0.0
1459,0.0,0.0,0.0,0.0
1460,0.0,0.0,0.0,0.0
1461,0.0,0.0,0.0,0.0
1462,0.0,0.0,0.0,0.0
1463,0.0,0.0,0.0,0.0
1464,0.0,0.0,0.0,0.0
1465,0.0,0.0,0.0,0.0
1466,0.0,0.0,0.0,0.0
1467,0.0,0.0,0.0,0.0
1468,0.0,0.0,0.0,0.0
1469,0.0,0.0,0.0,0.0
1470,0.0,0.0,0.0,0.0
1471,0.0,0.0,0.0,0.0
1472,0.0,0.0,0.0,0.0
1473,0.0,0.0,0.0,0.0
1474,0.0,0.0,0.0,0.0
1475,0.0,0.0,0.0,0.0
1476,0.0,0.0,0.0,0.0
1477,0.0,0.0,0.0,0.0
1478,0.0,0.0,0.0,0.0
1479,0.0,0.0,0.0,0.0
1480,0.0,0.0,0.0,0.0
1481,0.0,0.0,0.0,0.0
1482,0.0,0.0,0.0,0.0
1483,0.0,0.0,0.0,0.0
1484,0.0,0.0,0.0,0.0
1485,0.0,0.0,0.0,0.0
1486,0.0,0.0,0.0,0.0
1487,0.0,0.0,0.0,0.0
1488,0.0,0.0,0.0,0.0
1489,0.0,0.0,0.0,0.0
1490,0.0,0.0,0.0,0.0
1491,0.0,0.0,0.0,0.0
1492,0.0,0.0,0.0,0.0
1493,0.0,0.0,0.0,0.0
1494,0.0,0.0,0.0,0.0
1495,0.0,0.0,0.0,0.0
1496,0.0,0.0,0.0,0.0
1497,0.0,0.0,0.0,0.0
1498,0.0,0.0,0.0,0.0
1499,0.0,0.0,0.0,0.0
1500,0.0,0.0,0.0,0.0
1501,0.0,0.0,0.0,0.0
1502,0.0,0.0,0.0,0.0
1503,0.0,0.0,0.0,0.0
1504,0.0,0.0,0.0,0.0
1505,0.0,0.0,0.0,0.0
1506,0.0,0.0,0.0,0.0
1507,0.0,0.0,0.0,0.0
1508,0.0,0.0,0.0,0.0
1509,0.0,0.0,0.0,0.0
1510,0.0,0.0,0.0,0.0
1511,0.0,0.0,0.0,0.0
1512,0.0,0.0,0.0,0.0
1513,0.0,0.0,0.0,0.0
1514,0.0,0.0,0.0,0.0
1515,0.0,0.0,0.0,0.0
1516,0.0,0.0,0.0,0.0
1517,0.0,0.0,0.0,0.0
1518,0.0,0.0,0.0,0.0
1519,0.0,0.0,0.0,0.0
1520,0.0,0.0,0.0,0.0
1521,0.0,0.0,0.0,0.0
1522,0.0,0.0,0.0,0.0
1523,0.0,0.0,0.0,0.0
1524,0.0,0.0,0.0,0.0
1525,0.0,0.0,0.0,0.0
1526,0.0,0.0,0.0,0.0
1527,0.0,0.0,0.0,0.0
1528,0.0,0.0,0.0,0.0
1529,0.0,0.0,0.0,0.0
1530,0.0,0.0,0.0,0.0
1531,0.0,0.0,0.0,0.0
1532,0.0,0.0,0.0,0.0
1533,0.0,0.0,0.0,0.0
1534,0.0,0.0,0.0,0.0
1535,0.0,0.0,0.0,0.0
1536,0.0,0.0,0.0,0.0
1537,0.0,0.0,0.0,0.0
1538,0.0,0.0,0.0,0.0
1539,0.0,0.0,0.0,0.0
1540,0.0,0.0,0.0,0.0
1541,0.0,0.0,0.0,0.0
1542,0.0,0.0,0.0,0.0
1543,0.0,0.0,0.0,0.0
1544,0.0,0.0,0.0,0.0
1545,0.0,0.0,0.0,0.0
1546,0.0,0.0,0.0,0.0
1547,0.0,0.0,0.0,0.0
1548,0.0,0.0,0.0,0.0
1549,0.0,0.0,0.0,0.0
1550,0.0,0.0,0.0,0.0
1551,0.0,0.0,0.0,0.0
1552,0.0,0.0,0.0,0.0
1553,0.0,0.0,0.0,0.0
1554,0.0,0.0,0.0,0.0
1555,0.0,0.0,0.0,0.0
1556,0.0,0.0,0.0,0.0
1557,0.0,0.0,0.0,0.0
1558,0.0,0.0,0.0,0.0
1559,0.0,0.0,0.0,0.0
1560,0.0,0.0,0.0,0.0
1561,0.0,0.0,0.0,0.0
1562,0.0,0.0,0.0,0.0
1563,0.0,0.0,0.0,0.0
1564,0.0,0.0,0.0,0.0
1565,0.0,0.0,0.0,0.0
1566,0.0,0.0,0.0,0.0
1567,0.0,0.0,0.0,0.0
1568,0.0,0.0,0.0,0.0
1569,0.0,0.0,0.0,0.0
1570,0.0,0.0,0.0,0.0
1571,0.0,0.0,0.0,0.0
1572,0.0,0.0,0.0,0.0
1573,0.0,0.0,0.0,0.0
1574,0.0,0.0,0.0,0.0
1575,0.0,0.0,0.0,0.0
1576,0.0,0.0,0.0,0.0
1577,0.0,0.0,0.0,0.0
1578,0.0,0.0,0.0,0.0
1579,0.0,0.0,0.0,0.0
1580,0.0,0.0,0.0,0.0
1581,0.0,0.0,0.0,0.0
1582,0.0,0.0,0.0,0.0
1583,0.0,0.0,0.0,0.0
1584,0.0,0.0,0.0,0.0
1585,0.0,0.0,0.0,0.0
1586,0.0,0.0,0.0,0.0
1587,0.0,0.0,0.0,0.0
1588,0.0,0.0,0.0,0.0
1589,0.0,0.0,0.0,0.0
1590,0.0,0.0,0.0,0.0
1591,0.0,0.0,0.0,0.0
1592,0.0,0.0,0.0,0.0
1593,0.0,0.0,0.0,0.0
1594,0.0,0.0,0.0,0.0
1595,0.0,0.0,0.0,0.0
1596,0.0,0.0,0.0,0.0
1597,0.0,0.0,0.0,0.0
1598,0.0,0.0,0.0,0.0
1599,0.0,0.0,0.0,0.0
1600,0.0,0.0,0.0,0.0
1601,0.0,0.0,0.0,0.0
1602,0.0,0.0,0.0,0.0
1603,0.0,0.0,0.0,0.0
1604,0.0,0.0,0.0,0.0
1605,0.0,0.0,0.0,0.0
1606,0.0,0.0,0.0,0.0
1607,0.0,0.0,0.0,0.0
1608,0.0,0.0,0.0,0.0
1609,0.0,0.0,0.0,0.0
1610,0.0,0.0,0.0,0.0
1611,0.0,0.0,0.0,0.0
1612,0.0,0.0,0.0,0.0
1613,0.0,0.0,0.0,0.0
1614,0.0,0.0,0.0,0.0
1615,0.0,0.0,0.0,0.0
1616,0.0,0.0,0.0,0.0
1617,0.0,0.0,0.0,0.0
1618,0.0,0.0,0.0,0.0
1619,0.0,0.0,0.0,0.0
1620,0.0,0.0,0.0,0.0
1621,0.0,0.0,0.0,0.0
1622,0.0,0.0,0.0,0.0
1623,0.0,0.0,0.0,0.0
1624,0.0,0.0,0.0,0.0
1625,0.0,0.0,0.0,0.0
1626,0.0,0.0,0.0,0.0
1627,0.0,0.0,0.0,0.0
1628,0.0,0.0,0.0,0.0
1629,0.0,0.0,0.0,0.0
1630,0.0,0.0,0.0,0.0
1631,0.0,0.0,0.0,0.0
1632,0.0,0.0,0.0,0.0
1633,0.0,0.0,0.0,0.0
1634,0.0,0.0,0.0,0.0
1635,0.0,0.0,0.0,0.0
1636,0.0,0.0,0.0,0.0
1637,0.0,0.0,0.0,0.0
1638,0.0,0.0,0.0,0.0
1639,0.0,0.0,0.0,0.0
1640,0.0,0.0,0.0,0.0
1641,0.0,0.0,0.0,0.0
1642,0.0,0.0,0.0,0.0
1643,0.0,0.0,0.0,0.0
1644,0.0,0.0,0.0,0.0
1645,0.0,0.0,0.0,0.0
1646,0.0,0.0,0.0,0.0
1647,0.0,0.0,0.0,0.0
1648,0.0,0.0,0.0,0.0
1649,0.0,0.0,0.0,0.0
1650,0.0,0.0,0.0,0.0
1651,0.0,0.0,0.0,0.0
1652,0.0,0.0,0.0,0.0
1653,0.0,0.0,0.0,0.0
1654,0.0,0.0,0.0,0.0
1655,0.0,0.0,0.0,0.0
1656,0.0,0.0,0.0,0.0
1657,0.0,0.0,0.0,0.0
1658,0.0,0.0,0.0,0.0
1659,0.0,0.0,0.0,0.0
1660,0.0,0.0,0.0,0.0
1661,0.0,0.0,0.0,0.0
1662,0.0,0.0,0.0,0.0
1663,0.0,0.0,0.0,0.0
1664,0.0,0.0,0.0,0.0
1665,0.0,0.0,0.0,0.0
1666,0.0,0.0,0.0,0.0
1667,0.0,0.0,0.0,0.0
1668,0.0,0.0,0.0,0.0
1669,0.0,0.0,0.0,0.0
1670,0.0,0.0,0.0,0.0
1671,0.0,0.0,0.0,0.0
1672,0.0,0.0,0.0,0.0
1673,0.0,0.0,0.0,0.0
1674,0.0,0.0,0.0,0.0
1675,0.0,0.0,0.0,0.0
1676,0.0,0.0,0.0,0.0
1677,0.0,0.0,0.0,0.0
1678,0.0,0.0,0.0,0.0
1679,0.0,0.0,0.0,0.0
1680,0.0,0.0,0.0,0.0
1681,0.0,0.0,0.0,0.0
1682,0.0,0.0,0.0,0.0
1683,0.0,0.0,0.0,0.0
1684,0.0,0.0,0.0,0.0
1685,0.0,0.0,0.0,0.0
1686,0.0,0.0,0.0,0.0
1687,0.0,0.0,0.0,0.0
1688,0.0,0.0,0.0,0.0
1689,0.0,0.0,0.0,0.0
1690,0.0,0.0,0.0,0.0
1691,0.0,0.0,0.0,0.0
1692,0.0,0.0,0.0,0.0
1693,0.0,0.0,0.0,0.0
1694,0.0,0.0,0.0,0.0
1695,0.0,0.0,0.0,0.0
1696,0.0,0.0,0.0,0.0
1697,0.0,0.0,0.0,0.0
1698,0.0,0.0,0.0,0.0
1699,0.0,0.0,0.0,0.0
1700,0.0,0.0,0.0,0.0
1701,0.0,0.0,0.0,0.0
1702,0.0,0.0,0.0,0.0
1703,0.0,0.0,0.0,0.0
1704,0.0,0.0,0.0,0.0
1705,0.0,0.0,0.0,0.0
1706,0.0,0.0,0.0,0.0
1707,0.0,0.0,0.0,0.0
1708,0.0,0.0,0.0,0.0
1709,0.0,0.0,0.0,0.0
1710,0.0,0.0,0.0,0.0
1711,0.0,0.0,0.0,0.0
1712,0.0,0.0,0.0,0.0
1713,0.0,0.0,0.0,0.0
1714,0.0,0.0,0.0,0.0
1715,0.0,0.0,0.0,0.0
1716,0.0,0.0,0.0,0.0
1717,0.0,0.0,0.0,0.0
1718,0.0,0.0,0.0,0.0
1719,0.0,0.0,0.0,0.0
1720,0.0,0.0,0.0,0.0
1721,0.0,0.0,0.0,0.0
1722,0.0,0.0,0.0,0.0
1723,0.0,0.0,0.0,0.0
1724,0.0,0.0,0.0,0.0
1725,0.0,0.0,0.0,0.0
1726,0.0,0.0,0.0,0.0
1727,0.0,0.0,0.0,0.0
1728,0.0,0.0,0.0,0.0
1729,0.0,0.0,0.0,0.0
1730,0.0,0.0,0.0,0.0
1731,0.0,0.0,0.0,0.0
1732,0.0,0.0,0.0,0.0
1733,0.0,0.0,0.0,0.0
1734,0.0,0.0,0.0,0.0
1735,0.0,0.0,0.0,0.0
1736,0.0,0.0,0.0,0.0
1737,0.0,0.0,0.0,0.0
1738,0.0,0.0,0.0,0.0
1739,0.0,0.0,0.0,0.0
1740,0.0,0.0,0.0,0.0
1741,0.0,0.0,0.0,0.0
1742,0.0,0.0,0.0,0.0
1743,0.0,0.0,0.0,0.0
1744,0.0,0.0,0.0,0.0
1745,0.0,0.0,0.0,0.0
1746,0.0,0.0,0.0,0.0
1747,0.0,0.0,0.0,0.0
1748,0.0,0.0,0.0,0.0
1749,0.0,0.0,0.0,0.0
1750,0.0,0.0,0.0,0.0
1751,0.0,0.0,0.0,0.0
1752,0.0,0.0,0.0,0.0
1753,0.0,0.0,0.0,0.0
1754,0.0,0.0,0.0,0.0
1755,0.0,0.0,0.0,0.0
1756,0.0,0.0,0.0,0.0
1757,0.0,0.0,0.0,0.0
1758,0.0,0.0,0.0,0.0
1759,0.0,0.0,0.0,0.0
1760,0.0,0.0,0.0,0.0
1761,0.0,0.0,0.0,0.0
1762,0.0,0.0,0.0,0.0
1763,0.0,0.0,0.0,0.0
1764,0.0,0.0,0.0,0.0
1765,0.0,0.0,0.0,0.0
1766,0.0,0.0,0.0,0.0
1767,0.0,0.0,0.0,0.0
1768,0.0,0.0,0.0,0.0
1769,0.0,0.0,0.0,0.0
1770,0.0,0.0,0.0,0.0
1771,0.0,0.0,0.0,0.0
1772,0.0,0.0,0.0,0.0
1773,0.0,0.0,0.0,0.0
1774,0.0,0.0,0.0,0.0
1775,0.0,0.0,0.0,0.0
1776,0.0,0.0,0.0,0.0
1777,0.0,0.0,0.0,0.0
1778,0.0,0.0,0.0,0.0
1779,0.0,0.0,0.0,0.0
1780,0.0,0.0,0.0,0.0
1781,0.0,0.0,0.0,0.0
1782,0.0,0.0,0.0,0.0
1783,0.0,0.0,0.0,0.0
1784,0.0,0.0,0.0,0.0
1785,0.0,0.0,0.0,0.0
1786,0.0,0.0,0.0,0.0
1787,0.0,0.0,0.0,0.0
1788,0.0,0.0,0.0,0.0
1789,0.0,0.0,0.0,0.0
1790,0.0,0.0,0.0,0.0
1791,0.0,0.0,0.0,0.0
1792,0.0,0.0,0.0,0.0
1793,0.0,0.0,0.0,0.0
1794,0.0,0.0,0.0,0.0
1795,0.0,0.0,0.0,0.0
1796,0.0,0.0,0.0,0.0
1797,0.0,0.0,0.0,0.0
1798,0.0,0.0,0.0,0.0
1799,0.0,0.0,0.0,0.0
1800,0.0,0.0,0.0,0.0
1801,0.0,0.0,0.0,0.0
1802,0.0,0.0,0.0,0.0
1803,0.0,0.0,0.0,0.0
1804,0.0,0.0,0.0,0.0
1805,0.0,0.0,0.0,0.0
1806,0.0,0.0,0.0,0.0
1807,0.0,0.0,0.0,0.0
1808,0.0,0.0,0.0,0.0
1809,0.0,0.0,0.0,0.0
1810,0.0,0.0,0.0,0.0
1811,0.0,0.0,0.0,0.0
1812,0.0,0.0,0.0,0.0
1813,0.0,0.0,0.0,0.0
1814,0.0,0.0,0.0,0.0
1815,0.0,0.0,0.0,0.0
1816,0.0,0.0,0.0,0.0
1817,0.0,0.0,0.0,0.0
1818,0.0,0.0,0.0,0.0
1819,0.0,0.0,0.0,0.0
1820,0.0,0.0,0.0,0.0
1821,0.0,0.0,0.0,0.0
1822,0.0,0.0,0.0,0.0
1823,0.0,0.0,0.0,0.0
1824,0.0,0.0,0.0,0.0
1825,0.0,0.0,0.0,0.0
1826,0.0,0.0,0.0,0.0
1827,0.0,0.0,0.0,0.0
1828,0.0,0.0,0.0,0.0
1829,0.0,0.0,0.0,0.0
1830,0.0,0.0,0.0,0.0
1831,0.0,0.0,0.0,0.0
1832,0.0,0.0,0.0,0.0
1833,0.0,0.0,0.0,0.0
1834,0.0,0.0,0.0,0.0
1835,0.0,0.0,0.0,0.0
1836,0.0,0.0,0.0,0.0
1837,0.0,0.0,0.0,0.0
1838,0.0,0.0,0.0,0.0
1839,0.0,0.0,0.0,0.0
1840,0.0,0.0,0.0,0.0
1841,0.0,0.0,0.0,0.0
1842,0.0,0.0,0.0,0.0
1843,0.0,0.0,0.0,0.0
1844,0.0,0.0,0.0,0.0
1845,0.0,0.0,0.0,0.0
1846,0.0,0.0,0.0,0.0
1847,0.0,0.0,0.0,0.0
1848,0.0,0.0,0.0,0.0
1849,0.0,0.0,0.0,0.0
1850,0.0,0.0,0.0,0.0
1851,0.0,0.0,0.0,0.0
1852,0.0,0.0,0.0,0.0
1853,0.0,0.0,0.0,0.0
1854,0.0,0.0,0.0,0.0
1855,0.0,0.0,0.0,0.0
1856,0.0,0.0,0.0,0.0
1857,0.0,0.0,0.0,0.0
1858,0.0,0.0,0.0,0.0
1859,0.0,0.0,0.0,0.0
1860,0.0,0.0,0.0,0.0
1861,0.0,0.0,0.0,0.0
1862,0.0,0.0,0.0,0.0
1863,0.0,0.0,0.0,0.0
1864,0.0,0.0,0.0,0.0
1865,0.0,0.0,0.0,0.0
1866,0.0,0.0,0.0,0.0
1867,0.0,0.0,0.0,0.0
1868,0.0,0.0,0.0,0.0
1869,0.0,0.0,0.0,0.0
1870,0.0,0.0,0.0,0.0
1871,0.0,0.0,0.0,0.0
1872,0.0,0.0,0.0,0.0
1873,0.0,0.0,0.0,0.0
1874,0.0,0.0,0.0,0.0
1875,0.0,0.0,0.0,0.0
1876,0.0,0.0,0.0,0.0
1877,0.0,0.0,0.0,0.0
1878,0.0,0.0,0.0,0.0
1879,0.0,0.0,0.0,0.0
1880,0.0,0.0,0.0,0.0
1881,0.0,0.0,0.0,0.0
1882,0.0,0.0,0.0,0.0
1883,0.0,0.0,0.0,0.0
1884,0.0,0.0,0.0,0.0
1885,0.0,0.0,0.0,0.0
1886,0.0,0.0,0.0,0.0
1887,0.0,0.0,0.0,0.0
1888,0.0,0.0,0.0,0.0
1889,0.0,0.0,0.0,0.0
1890,0.0,0.0,0.0,0.0
1891,0.0,0.0,0.0,0.0
1892,0.0,0.0,0.0,0.0
1893,0.0,0.0,0.0,0.0
1894,0.0,0.0,0.0,0.0
1895,0.0,0.0,0.0,0.0
1896,0.0,0.0,0.0,0.0
1897,0.0,0.0,0.0,0.0
1898,0.0,0.0,0.0,0.0
1899,0.0,0.0,0.0,0.0
1900,0.0,0.0,0.0,0.0
1901,0.0,0.0,0.0,0.0
1902,0.0,0.0,0.0,0.0
1903,0.0,0.0,0.0,0.0
1904,0.0,0.0,0.0,0.0
1905,0.0,0.0,0.0,0.0
1906,0.0,0.0,0.0,0.0
1907,0.0,0.0,0.0,0.0
1908,0.0,0.0,0.0,0.0
1909,0.0,0.0,0.0,0.0
1910,0.0,0.0,0.0,0.0
1911,0.0,0.0,0.0,0.0
1912,0.0,0.0,0.0,0.0
1913,0.0,0.0,0.0,0.0
1914,0.0,0.0,0.0,0.0
1915,0.0,0.0,0.0,0.0
1916,0.0,0.0,0.0,0.0
1917,0.0,0.0,0.0,0.0
1918,0.0,0.0,0.0,0.0
1919,0.0,0.0,0.0,0.0
1920,0.0,0.0,0.0,0.0
1921,0.0,0.0,0.0,0.0
1922,0.0,0.0,0.0,0.0
1923,0.0,0.0,0.0,0.0
1924,0.0,0.0,0.0,0.0
1925,0.0,0.0,0.0,0.0
1926,0.0,0.0,0.0,0.0
1927,0.0,0.0,0.0,0.0
1928,0.0,0.0,0.0,0.0
1929,0.0,0.0,0.0,0.0
1930,0.0,0.0,0.0,0.0
1931,0.0,0.0,0.0,0.0
1932,0.0,0.0,0.0,0.0
1933,0.0,0.0,0.0,0.0
1934,0.0,0.0,0.0,0.0
1935,0.0,0.0,0.0,0.0
1936,0.0,0.0,0.0,0.0
1937,0.0,0.0,0.0,0.0
1938,0.0,0.0,0.0,0.0
1939,0.0,0.0,0.0,0.0
1940,0.0,0.0,0.0,0.0
1941,0.0,0.0,0.0,0.0
1942,0.0,0.0,0.0,0.0
1943,0.0,0.0,0.0,0.0
1944,0.0,0.0,0.0,0.0
1945,0.0,0.0,0.0,0.0
1946,0.0,0.0,0.0,0.0
1947,0.0,0.0,0.0,0.0
1948,0.0,0.0,0.0,0.0
1949,0.0,0.0,0.0,0.0
1950,0.0,0.0,0.0,0.0
1951,0.0,0.0,0.0,0.0
1952,0.0,0.0,0.0,0.0
1953,0.0,0.0,0.0,0.0
1954,0.0,0.0,0.0,0.0
1955,0.0,0.0,0.0,0.0
1956,0.0,0.0,0.0,0.0
1957,0.0,0.0,0.0,0.0
1958,0.0,0.0,0.0,0.0
1959,0.0,0.0,0.0,0.0
1960,0.0,0.0,0.0,0.0
1961,0.0,0.0,0.0,0.0
1962,0.0,0.0,0.0,0.0
1963,0.0,0.0,0.0,0.0
1964,0.0,0.0,0.0,0.0
1965,0.0,0.0,0.0,0.0
1966,0.0,0.0,0.0,0.0
1967,0.0,0.0,0.0,0.0
1968,0.0,0.0,0.0,0.0
1969,0.0,0.0,0.0,0.0
1970,0.0,0.0,0.0,0.0
1971,0.0,0.0,0.0,0.0
1972,0.0,0.0,0.0,0.0
1973,0.0,0.0,0.0,0.0
1974,0.0,0.0,0.0,0.0
1975,0.0,0.0,0.0,0.0
1976,0.0,0.0,0.0,0.0
1977,0.0,0.0,0.0,0.0
1978,0.0,0.0,0.0,0.0
1979,0.0,0.0,0.0,0.0
1980,0.0,0.0,0.0,0.0
1981,0.0,0.0,0.0,0.0
1982,0.0,0.0,0.0,0.0
1983,0.0,0.0,0.0,0.0
1984,0.0,0.0,0.0,0.0
1985,0.0,0.0,0.0,0.0
1986,0.0,0.0,0.0,0.0
1987,0.0,0.0,0.0,0.0
1988,0.0,0.0,0.0,0.0
1989,0.0,0.0,0.0,0.0
1990,0.0,0.0,0.0,0.0
1991,0.0,0.0,0.0,0.0
1992,0.0,0.0,0.0,0.0
1993,0.0,0.0,0.0,0.0
1994,0.0,0.0,0.0,0.0
1995,0.0,0.0,0.0,0.0
1996,0.0,0.0,0.0,0.0
1997,0.0,0.0,0.0,0.0
1998,0.0,0.0,0.0,0.0
1999,0.0,0.0,0.0,0.0
